Date,AAPL,MSFT,JPM,XOM,JNJ,PG,WMT,NVDA
2024-01-02,183.56216430664062,363.801513671875,163.00933837890625,94.20769500732422,148.80397033691406,139.3453369140625,51.76509094238281,48.0825309753418
2024-01-03,182.18772888183594,363.53662109375,162.29888916015625,94.99919891357422,149.73419189453125,138.50216674804688,51.768341064453125,47.484596252441406
2024-01-04,179.87391662597656,360.9273681640625,163.37591552734375,94.17086791992188,149.41790771484375,139.26101684570312,51.267879486083984,47.912837982177734
2024-01-05,179.152099609375,360.7409973144531,164.19561767578125,94.4561767578125,149.8830108642578,138.1087188720703,50.92666244506836,49.009883880615234
2024-01-08,183.48306274414062,367.5486755371094,163.95730590820312,92.88237762451172,150.25509643554688,139.2985076904297,51.4271125793457,52.1602897644043
2024-01-09,183.06777954101562,368.6277770996094,162.6610565185547,91.73192596435547,150.34812927246094,139.86997985839844,51.77159118652344,53.045711517333984
2024-01-10,184.10601806640625,375.4747314453125,163.00421142578125,90.8299789428711,150.57138061523438,140.4695281982422,52.41503143310547,54.253562927246094
2024-01-11,183.51275634765625,377.29925537109375,162.3179473876953,90.81157684326172,149.901611328125,141.00355529785156,52.356544494628906,54.72472381591797
2024-01-12,183.8390350341797,381.0660400390625,161.1265411376953,91.98963165283203,151.05506896972656,141.08786010742188,52.42478561401367,54.61293029785156
2024-01-16,181.57470703125,382.83172607421875,160.11619567871094,89.90963745117188,149.31561279296875,140.32901000976562,52.59052276611328,56.28195571899414
2024-01-17,180.6353302001953,382.0470275878906,159.25839233398438,89.25617980957031,149.2318572998047,140.4695281982422,52.34354019165039,55.95354461669922
2024-01-18,186.5187225341797,386.36309814453125,159.5729217529297,89.09050750732422,149.9574432373047,139.65972900390625,53.048736572265625,57.00567626953125
2024-01-19,189.41592407226562,391.0716857910156,162.32748413085938,89.22856140136719,150.3946075439453,139.12237548828125,52.769256591796875,59.385440826416016
2024-01-22,191.7198486328125,388.9528503417969,162.1368408203125,89.1089096069336,151.12948608398438,139.39576721191406,52.77250671386719,59.54815673828125
2024-01-23,192.9954376220703,391.2972717285156,161.0693359375,90.11210632324219,148.6551513671875,145.1654052734375,52.90574645996094,59.76677322387695
2024-01-24,192.322998046875,394.8875427246094,162.50856018066406,91.66751098632812,147.86451721191406,143.41189575195312,52.1583137512207,61.253116607666016
2024-01-25,191.9967041015625,397.15350341796875,164.8341827392578,93.99600219726562,148.422607421875,146.71153259277344,52.91874313354492,61.50767517089844
2024-01-26,190.2663116455078,396.23138427734375,164.2051239013672,94.79670715332031,148.36680603027344,147.20175170898438,53.383460998535156,60.922706604003906
2024-01-29,189.5840301513672,401.91107177734375,164.63400268554688,94.91636657714844,148.236572265625,147.22061157226562,53.633689880371094,62.35416793823242
2024-01-30,185.93531799316406,400.80255126953125,168.00811767578125,96.49937438964844,147.687744140625,148.47447204589844,53.81242370605469,62.66261291503906
2024-01-31,182.33604431152344,390.0023498535156,166.18765258789062,94.62183380126953,147.8086700439453,148.14451599121094,53.70193099975586,61.41783142089844
2024-02-01,184.76853942871094,396.0842590332031,165.58717346191406,94.23530578613281,147.30638122558594,150.06773376464844,54.696353912353516,62.9151725769043
2024-02-02,183.7698211669922,403.3824157714844,166.54029846191406,93.84874725341797,145.67849731445312,149.04013061523438,55.10581588745117,66.0426025390625
2024-02-05,185.57936096191406,397.9186096191406,166.32110595703125,93.46221160888672,144.92503356933594,149.1532745361328,54.810096740722656,69.208984375
2024-02-06,187.1812286376953,397.7616882324219,166.8929901123047,94.10645294189453,147.02731323242188,149.86033630371094,55.183815002441406,68.10194396972656
2024-02-07,187.2899932861328,406.1585693359375,167.20748901367188,94.07884979248047,146.95289611816406,150.0111541748047,55.04408264160156,69.974609375
2024-02-08,186.2122039794922,406.21734619140625,166.60702514648438,95.68948364257812,145.483154296875,149.55862426757812,55.04082489013672,69.51741790771484
2024-02-09,186.97454833984375,412.5346374511719,166.80715942382812,93.66465759277344,145.81800842285156,148.4084930419922,55.01157760620117,72.00502014160156
2024-02-12,185.29139709472656,407.345458984375,167.5506134033203,94.95318603515625,146.8319854736328,148.1162109375,55.343055725097656,72.11981964111328
2024-02-13,183.20237731933594,398.57586669921875,166.0923309326172,94.13573455810547,145.5482940673828,147.32432556152344,54.96608352661133,72.0000228881836
2024-02-14,182.3212127685547,402.42822265625,167.7793731689453,93.67127227783203,144.86924743652344,146.720947265625,54.79059600830078,73.7688980102539
2024-02-15,182.03411865234375,399.5487365722656,171.43939208984375,96.35584259033203,146.8970489501953,148.0219268798828,55.01482391357422,72.52908325195312
2024-02-16,180.49948120117188,397.0918884277344,170.63873291015625,96.35584259033203,146.72837829589844,148.49334716796875,55.362552642822266,72.4841537475586
2024-02-20,179.75694274902344,395.8437805175781,171.3059539794922,95.44550323486328,147.95619201660156,149.4360809326172,57.149906158447266,69.3287582397461
2024-02-21,180.5093994140625,395.2442932128906,172.4210968017578,97.39620971679688,148.7247314453125,151.21786499023438,56.447967529296875,67.35227966308594
2024-02-22,182.53903198242188,404.55096435546875,174.48941040039062,97.31260681152344,150.38369750976562,151.36875915527344,57.003665924072266,78.3986587524414
2024-02-23,180.70741271972656,403.2635803222656,175.36630249023438,96.4580078125,151.68646240234375,151.8118133544922,57.05241775512695,78.67715454101562
2024-02-26,179.36090087890625,400.51190185546875,174.76580810546875,96.8388671875,150.70236206054688,151.04818725585938,58.105323791503906,78.95166778564453
2024-02-27,180.8163299560547,400.4529113769531,174.85157775878906,96.63450622558594,150.88043212890625,150.18087768554688,58.0955810546875,78.56136322021484
2024-02-28,179.61831665039062,400.6887512207031,175.7379913330078,96.90388488769531,151.41470336914062,150.887939453125,58.12482452392578,77.52519226074219
2024-02-29,178.95498657226562,406.5067138671875,177.33926391601562,97.08967590332031,151.25537109375,149.8414764404297,57.140159606933594,78.97162628173828
2024-03-01,177.8758087158203,408.3346252441406,176.6053466796875,98.31584167480469,151.94891357421875,149.7566375732422,57.2863883972168,82.13300323486328
2024-03-04,173.361083984375,407.7646484375,177.93019104003906,96.9410400390625,149.8119659423828,150.42596435546875,57.81285095214844,85.08576202392578
2024-03-05,168.43055725097656,395.7062072753906,179.7125701904297,98.13005065917969,149.93382263183594,150.19972229003906,58.53429412841797,85.81549835205078
2024-03-06,167.44046020507812,395.1558837890625,180.64662170410156,99.1797103881836,149.3433380126953,150.43539428710938,59.05100631713867,88.54676818847656
2024-03-07,167.3216552734375,402.0843505859375,179.06442260742188,99.73705291748047,148.90281677246094,151.42529296875,58.846275329589844,92.5089111328125
2024-03-08,169.03451538085938,399.2146911621094,179.3980255126953,100.67525482177734,149.51202392578125,151.17076110839844,58.61228561401367,87.37680053710938
2024-03-11,171.03443908691406,397.5439147949219,179.46473693847656,101.26976776123047,151.11476135253906,152.30206298828125,59.13874816894531,85.6258316040039
2024-03-12,171.50965881347656,408.1184387207031,180.94207763671875,100.61952209472656,152.53004455566406,152.66029357910156,59.86993408203125,91.75423431396484
2024-03-13,169.4304962158203,407.9414978027344,182.409912109375,101.74349975585938,150.992919921875,153.00912475585938,59.74319839477539,90.73098754882812
2024-03-14,171.28195190429688,417.8869934082031,179.15972900390625,103.54560089111328,149.22146606445312,152.25491333007812,59.692317962646484,87.79207611083984
2024-03-15,170.9057159423828,409.23870849609375,181.38052368164062,103.35980987548828,148.256103515625,152.14181518554688,59.3597297668457,87.68526458740234
2024-03-18,171.99478149414062,410.123291015625,183.62991333007812,104.31658172607422,146.92518615722656,151.9815216064453,59.53581619262695,88.30219268798828
2024-03-19,174.33135986328125,414.1427307128906,184.7069549560547,105.05042266845703,146.40972900390625,152.56602478027344,59.54559326171875,89.24357604980469
2024-03-20,176.89564514160156,417.8968200683594,187.1278839111328,104.95753479003906,145.9879150390625,152.71688842773438,59.917327880859375,90.21588134765625
2024-03-21,169.66812133789062,421.9654235839844,189.72994995117188,105.42198181152344,145.97854614257812,152.59429931640625,60.112972259521484,91.27703094482422
2024-03-22,170.569091796875,421.3463134765625,187.40431213378906,105.42198181152344,145.4911651611328,152.40576171875,59.54559326171875,94.12610626220703
2024-03-25,169.15330505371094,415.5676574707031,185.6886749267578,106.49951934814453,145.48179626464844,151.01991271972656,59.25212097167969,94.83787536621094
2024-03-26,168.0246124267578,414.3785400390625,186.55599975585938,105.7006607055664,145.997314453125,151.35928344726562,59.19342041015625,92.40109252929688
2024-03-27,171.58885192871094,414.162353515625,190.1683807373047,106.79678344726562,148.04989624023438,153.30137634277344,59.39885330200195,90.09410095214844
2024-03-28,169.7770538330078,413.464599609375,190.9118194580078,107.97648620605469,148.26547241210938,152.9619903564453,58.86082077026367,90.19990539550781
2024-04-01,168.3414306640625,417.2481994628906,189.61557006835938,108.67317962646484,147.88121032714844,151.38760375976562,58.69451904296875,90.20689392089844
2024-04-02,167.16326904296875,414.1721496582031,189.53933715820312,110.80037689208984,147.8343505859375,151.37815856933594,57.87279510498047,89.29747009277344
2024-04-03,167.96522521972656,413.1992492675781,189.0055694580078,110.81895446777344,144.58201599121094,147.21119689941406,58.13691711425781,88.81031799316406
2024-04-04,167.14346313476562,410.6735534667969,187.5675506591797,111.2091064453125,142.93246459960938,146.55123901367188,58.20540237426758,85.75658416748047
2024-04-05,167.89590454101562,418.1818542480469,189.2931671142578,112.7417984008789,142.82937622070312,147.16404724121094,58.547786712646484,87.85597229003906
2024-04-08,166.77713012695312,417.267822265625,190.28062438964844,111.98009490966797,142.07952880859375,147.10745239257812,58.479305267333984,86.98246765136719
2024-04-09,167.98501586914062,418.92877197265625,189.0055694580078,112.56529998779297,142.73562622070312,147.69200134277344,58.48908996582031,85.20654296875
2024-04-10,166.11378479003906,415.9607849121094,187.39495849609375,113.5127944946289,140.7767791748047,148.2388153076172,59.30103302001953,86.88864135742188
2024-04-11,173.30169677734375,420.5502624511719,187.35659790039062,113.1319351196289,139.45521545410156,146.91893005371094,58.78256607055664,90.45945739746094
2024-04-12,174.79669189453125,414.6242980957031,175.23876953125,111.81289672851562,138.264892578125,146.4381561279297,58.83147048950195,88.03365325927734
2024-04-15,170.97503662109375,406.5067138671875,175.3346710205078,111.17193603515625,138.33050537109375,146.55123901367188,58.62604522705078,85.8524398803711
2024-04-16,167.69790649414062,407.4304504394531,173.33096313476562,110.2523193359375,135.38748168945312,147.02264404296875,58.53800582885742,87.26399230957031
2024-04-17,166.3316192626953,404.7377624511719,172.64071655273438,110.19658660888672,135.6874237060547,147.97482299804688,58.35213088989258,83.88982391357422
2024-04-18,165.38111877441406,397.29827880859375,173.76239013671875,110.09441375732422,136.59657287597656,149.24342346191406,57.97062301635742,84.52472686767578
2024-04-19,163.3614044189453,392.2370910644531,178.12445068359375,111.35771942138672,138.6304168701172,150.04994201660156,58.234745025634766,76.06836700439453
2024-04-22,164.19305419921875,394.04534912109375,181.58529663085938,111.98938751220703,139.76449584960938,152.3271484375,58.83147048950195,79.3806381225586
2024-04-23,165.24252319335938,400.5413818359375,184.20254516601562,112.42597198486328,140.1768798828125,153.23805236816406,57.8043212890625,82.2806167602539
2024-04-24,167.3415069580078,402.005615234375,185.10366821289062,112.44456481933594,139.21153259277344,154.28176879882812,58.567344665527344,79.53935241699219
2024-04-25,168.2028350830078,392.1584777832031,185.3817138671875,112.70465087890625,137.6088104248047,154.23435974121094,58.89995574951172,82.4892578125
2024-04-26,167.61871337890625,399.31292724609375,185.4967498779297,109.57421875,136.9714813232422,153.0387725830078,58.851043701171875,87.58345031738281
2024-04-29,171.77699279785156,395.3131103515625,185.29541015625,111.13478088378906,137.6088104248047,153.38987731933594,58.92929458618164,87.60540771484375
2024-04-30,168.6384735107422,382.61590576171875,183.8190460205078,109.86216735839844,135.51869201660156,154.85108947753906,58.05866622924805,86.25274658203125
2024-05-01,167.61871337890625,388.1291198730469,183.93411254882812,107.78142547607422,141.69528198242188,155.0408477783203,57.56953811645508,82.89753723144531
2024-05-02,171.31166076660156,390.9791564941406,183.7423553466797,107.97648620605469,140.51434326171875,155.45835876464844,58.41083526611328,85.66874694824219
2024-05-03,181.5588836669922,399.6470642089844,182.6398468017578,107.7535629272461,139.9051055908203,156.04661560058594,58.5184326171875,88.63561248779297
2024-05-06,179.90545654296875,406.4084167480469,184.06829833984375,108.45023345947266,139.2583770751953,156.02764892578125,58.567344665527344,91.98082733154297
2024-05-07,180.5885772705078,402.2808532714844,183.82862854003906,107.91146850585938,139.3896026611328,157.28012084960938,59.30103302001953,90.39756774902344
2024-05-08,180.92523193359375,403.46014404296875,187.5675506591797,107.89289855957031,139.60519409179688,156.6254119873047,58.98799514770508,90.25582122802734
2024-05-09,182.73704528808594,405.2095031738281,189.34109497070312,110.02009582519531,140.44873046875,157.54579162597656,59.32960510253906,88.59369659423828
2024-05-10,181.4779510498047,407.5877380371094,190.5586395263672,109.57421875,140.50497436523438,158.31436157226562,59.36886978149414,89.72273254394531
2024-05-13,184.68020629882812,406.58526611328125,190.52029418945312,109.52778625488281,141.73277282714844,157.3844757080078,59.30015563964844,90.24285125732422
2024-05-14,185.82032775878906,409.3763427734375,193.18544006347656,110.19265747070312,141.8827362060547,157.28012084960938,58.760257720947266,91.19818878173828
2024-05-15,188.09068298339844,416.5338439941406,193.76068115234375,111.04483795166016,143.09181213378906,157.99176025390625,58.730812072753906,94.46652221679688
2024-05-16,188.20962524414062,414.4761657714844,194.1057891845703,110.37994384765625,144.6007843017578,159.27267456054688,62.83401870727539,94.19599914550781
2024-05-17,188.2393798828125,413.708251953125,196.32994079589844,112.0374755859375,144.93821716308594,159.06393432617188,63.462249755859375,92.31924438476562
2024-05-20,189.39935302734375,418.7588806152344,187.50042724609375,111.12910461425781,142.92567443847656,158.7508087158203,63.00088882446289,94.61627960205078
2024-05-21,190.69810485839844,422.4016418457031,191.2776641845703,110.36122131347656,142.89735412597656,159.7376251220703,63.95307159423828,95.22122192382812
2024-05-22,189.2605438232422,423.8587341308594,190.1176300048828,108.14183044433594,145.03268432617188,159.22528076171875,64.05123138427734,94.78595733642578
2024-05-23,185.27505493164062,420.3931884765625,188.78504943847656,106.29700469970703,141.4423065185547,157.02392578125,63.64876174926758,103.61969757080078
2024-05-24,188.34844970703125,423.5043029785156,192.4185028076172,106.21271514892578,138.8628692626953,156.87210083007812,64.1788330078125,106.28506469726562
2024-05-28,188.35836791992188,423.661865234375,191.2584991455078,107.56122589111328,136.41575622558594,154.7657012939453,63.8450927734375,113.70423126220703
2024-05-29,188.65576171875,422.5296325683594,189.92588806152344,106.40937805175781,136.47244262695312,153.38037109375,63.72728729248047,114.62663269042969
2024-05-30,189.64720153808594,408.25396728515625,191.0955047607422,106.74649810791016,137.26611328125,154.26280212402344,63.697845458984375,110.30912017822266
2024-05-31,190.5989532470703,408.7068786621094,194.25918579101562,109.8087158203125,138.5794219970703,156.12252807617188,64.55186462402344,109.44361114501953
2024-06-03,192.3636474609375,407.12176513671875,193.48263549804688,107.17726135253906,139.59042358398438,156.22691345214844,64.61076354980469,114.80133056640625
2024-06-04,192.68089294433594,409.63232421875,190.93251037597656,105.5103759765625,139.6470947265625,158.46615600585938,65.37643432617188,116.23585510253906
2024-06-05,194.18785095214844,417.4494323730469,189.11102294921875,105.93177795410156,137.9180450439453,157.55531311035156,65.857421875,122.2284927368164
2024-06-06,192.80979919433594,417.9515686035156,188.7754669189453,106.72777557373047,138.34320068359375,159.85145568847656,65.91632843017578,120.78897857666016
2024-06-07,195.19911193847656,417.2919921875,191.68988037109375,105.58529663085938,138.96682739257812,158.51361083984375,64.6696548461914,120.67916870117188
2024-06-10,191.46145629882812,421.24969482421875,191.3639373779297,105.89432525634766,139.01406860351562,158.78880310058594,65.72982025146484,121.5796127319336
2024-06-11,205.3709716796875,425.9853210449219,186.33079528808594,105.04214477539062,138.6644744873047,158.91212463378906,65.5040512084961,120.71105194091797
2024-06-12,211.2401580810547,434.2356872558594,183.61773681640625,103.8809585571289,137.38893127441406,156.72979736328125,65.09175872802734,124.99398040771484
2024-06-13,212.40008544921875,434.7475891113281,185.6597442626953,103.0475082397461,137.42672729492188,157.89686584472656,65.47459411621094,129.39671325683594
2024-06-14,210.66513061523438,435.7222595214844,185.77479553222656,102.17659759521484,137.51177978515625,158.2574005126953,65.7887191772461,131.66297912597656
2024-06-17,214.8092498779297,441.43255615234375,186.9252166748047,101.47427368164062,137.89913940429688,158.93109130859375,66.18135833740234,130.76446533203125
2024-06-18,212.44967651367188,439.4339599609375,188.86175537109375,102.42945098876953,137.61569213867188,159.93687438964844,66.35806274414062,135.3568878173828
2024-06-20,207.87924194335938,438.80389404296875,190.46275329589844,104.63946533203125,139.62820434570312,159.0924072265625,66.76052856445312,130.56478881835938
2024-06-21,205.7080841064453,442.8207092285156,188.19068908691406,103.72175598144531,140.54469299316406,159.6522216796875,66.662353515625,126.36173248291016
2024-06-24,206.3524932861328,440.743408203125,190.6641082763672,106.80268859863281,140.894287109375,159.83248901367188,67.63418579101562,117.91564178466797
2024-06-25,207.2744903564453,443.97265625,189.88754272460938,107.10235595703125,139.07073974609375,158.31436157226562,66.18135833740234,125.88252258300781
2024-06-26,211.41859436035156,445.1639404296875,189.2740020751953,107.13982391357422,138.72117614746094,158.88368225097656,67.03538513183594,126.19200134277344
2024-06-27,212.2613067626953,445.84326171875,190.94210815429688,107.59867858886719,137.75743103027344,158.09609985351562,66.63291931152344,123.78598022460938
2024-06-28,208.81118774414062,440.0345153808594,193.90444946289062,107.80470275878906,138.0975799560547,156.48309326171875,66.46603393554688,123.33671569824219
2024-07-01,214.8885498046875,449.6632080078125,196.96267700195312,107.65486145019531,138.36212158203125,154.3956298828125,66.24027252197266,124.09546661376953
2024-07-02,218.37832641601562,452.1737060546875,200.2030487060547,106.92442321777344,137.97474670410156,155.51527404785156,66.8194351196289,122.46814727783203
2024-07-03,219.64732360839844,453.64068603515625,200.06883239746094,107.46757507324219,137.6535186767578,155.4488525390625,66.98629760742188,128.06890869140625
2024-07-05,224.3961639404297,460.32562255859375,197.41781616210938,106.16590118408203,138.39991760253906,156.7582550048828,68.75322723388672,125.6229476928711
2024-07-08,225.8634796142578,459.02606201171875,197.78414916992188,105.05152893066406,137.45506286621094,158.00123596191406,68.39985656738281,127.98902893066406
2024-07-09,226.716064453125,452.4297180175781,200.1555938720703,103.89031219482422,138.9384765625,157.18524169921875,68.61579895019531,131.163818359375
2024-07-10,230.97915649414062,459.0358581542969,200.3194580078125,104.80804443359375,141.1871795654297,158.26690673828125,69.11644744873047,134.68801879882812
2024-07-11,225.61561584472656,447.6646423339844,199.9820556640625,106.05352020263672,141.4423065185547,157.0713653564453,68.51763916015625,127.19036865234375
2024-07-12,228.5601043701172,446.5323791503906,197.56243896484375,106.0722427368164,141.61236572265625,158.08663940429688,67.96793365478516,129.02735900878906
2024-07-15,232.38694763183594,446.9360656738281,202.48846435546875,107.88898468017578,141.00767517089844,156.1604766845703,68.33113861083984,128.22865295410156
2024-07-16,232.80337524414062,442.56475830078125,205.92994689941406,108.66622924804688,142.68002319335938,158.40924072265625,68.70413970947266,126.1520767211914
2024-07-17,226.91436767578125,436.6575927734375,209.06295776367188,110.16455841064453,147.9427947998047,160.7718505859375,69.72504425048828,117.79582977294922
2024-07-18,222.25473022460938,433.55633544921875,202.42098999023438,111.2508544921875,146.84677124023438,159.82301330566406,69.5188980102539,120.89073944091797
2024-07-19,222.3836212158203,430.3467712402344,202.2281951904297,108.69432830810547,146.1570281982422,160.32606506347656,69.45018768310547,117.73594665527344
2024-07-22,222.03662109375,436.0865173339844,202.71022033691406,107.9451675415039,145.73187255859375,160.60289001464844,69.08699035644531,123.33671569824219
2024-07-23,223.0775909423828,437.9670104980469,202.75839233398438,106.203369140625,143.9461212158203,159.0469512939453,69.3520278930664,122.3882827758789
2024-07-24,216.66314697265625,422.2637939453125,201.08102416992188,107.7016830444336,147.6593475341797,160.3642578125,69.30294036865234,114.06199645996094
2024-07-25,215.62220764160156,411.9263000488281,201.1581573486328,109.96791076660156,150.833984375,159.31423950195312,68.73358917236328,112.0952377319336
2024-07-26,216.08815002441406,418.68994140625,204.59963989257812,109.87427520751953,151.77882385253906,161.42381286621094,68.49800872802734,112.87396240234375
2024-07-29,216.36573791503906,420.12738037109375,203.25967407226562,108.72241973876953,149.81356811523438,162.20652770996094,68.34093475341797,111.40636444091797
2024-07-30,216.92095947265625,416.37640380859375,207.44345092773438,110.660888671875,152.43077087402344,154.3505859375,67.91885375976562,103.55931091308594
2024-07-31,220.17276000976562,411.8770446777344,205.13949584960938,111.05419158935547,149.1427459716797,153.4533233642578,67.37895202636719,116.82743072509766
2024-08-01,216.48471069335938,410.6561584472656,200.47373962402344,109.5184097290039,151.8922119140625,158.1592559814453,68.50782012939453,109.03028869628906
2024-08-02,217.9718475341797,402.1695861816406,191.97122192382812,109.45286560058594,155.08578491210938,162.34971618652344,67.20225524902344,107.09347534179688
2024-08-05,207.47276306152344,389.03594970703125,187.88385009765625,107.47694396972656,152.3551788330078,160.42153930664062,66.3482437133789,100.28470611572266
2024-08-06,205.4502716064453,393.4269714355469,193.12802124023438,106.90570068359375,150.2009735107422,160.4501495361328,66.4954833984375,104.07846069335938
2024-08-07,208.01808166503906,392.2652587890625,193.1858673095703,108.32910919189453,150.1348114013672,162.2924346923828,65.68073272705078,98.74723815917969
2024-08-08,211.4780731201172,396.4593200683594,196.71409606933594,110.398681640625,151.38198852539062,163.1038055419922,66.41695404052734,104.7972640991211
2024-08-09,214.38290405273438,399.7378234863281,198.39146423339844,111.29766845703125,151.75990295410156,162.78878784179688,66.70161437988281,104.57763671875
2024-08-12,215.91146850585938,400.515625,198.76742553710938,111.43814086914062,151.06072998046875,159.22830200195312,67.4378433227539,108.8405990600586
2024-08-13,219.62364196777344,407.604248046875,200.45443725585938,110.37059020996094,149.65292358398438,159.68650817871094,66.87832641601562,115.94889068603516
2024-08-14,220.07029724121094,410.41009521484375,202.67166137695312,111.39131164550781,149.73797607421875,161.1278839111328,67.39859008789062,117.88569641113281
2024-08-15,223.04795837402344,415.2626647949219,203.9344940185547,112.08042907714844,150.31431579589844,160.28787231445312,71.8355484008789,122.6578369140625
2024-08-16,224.36810302734375,412.7377624511719,206.26734924316406,111.55180358886719,150.59779357910156,160.2592315673828,72.30608367919922,124.375
2024-08-19,224.20924377441406,415.755859375,207.69407653808594,111.89163970947266,150.8245391845703,160.76516723632812,72.57189178466797,129.78610229492188
2024-08-20,224.8246307373047,418.9810485839844,206.79757690429688,108.16287231445312,151.32530212402344,162.6647186279297,73.37911224365234,127.04061889648438
2024-08-21,224.71548461914062,418.3301086425781,206.8746795654297,107.4737548828125,152.52523803710938,162.4260711669922,74.06822204589844,128.28854370117188
2024-08-22,222.85939025878906,409.8577575683594,208.8316192626953,108.30445861816406,153.39450073242188,162.41651916503906,74.40292358398438,123.536376953125
2024-08-23,225.15220642089844,411.0807800292969,210.4511260986328,109.80540466308594,155.07632446289062,161.48106384277344,74.52104949951172,129.15711975097656
2024-08-26,225.48965454101562,407.8259582519531,211.28018188476562,112.15595245361328,155.52984619140625,162.60743713378906,74.8459243774414,126.25189971923828
2024-08-27,226.3333282470703,408.171142578125,212.25381469726562,111.08924102783203,155.13002014160156,161.55743408203125,74.9443588256836,128.08888244628906
2024-08-28,224.8048095703125,404.9755554199219,213.32386779785156,109.99420928955078,156.05343627929688,161.37606811523438,74.89513397216797,125.40331268310547
2024-08-29,228.0802459716797,407.4610290527344,214.21075439453125,111.51403045654297,156.34857177734375,162.30198669433594,75.2298355102539,117.39649963378906
2024-08-30,227.29611206054688,411.426025390625,216.70750427246094,111.33467864990234,157.9003448486328,163.74334716796875,76.02723693847656,119.173583984375
2024-09-03,221.11248779296875,403.8315124511719,212.36949157714844,109.00302124023438,159.13795471191406,166.5879364013672,75.9681625366211,107.8222885131836
2024-09-04,219.20677185058594,403.29888916015625,211.4344024658203,107.67198944091797,159.328369140625,167.90516662597656,76.03706359863281,106.03523254394531
2024-09-05,220.7253875732422,402.79583740234375,209.79563903808594,106.83183288574219,157.0720977783203,167.49472045898438,75.76143646240234,107.0335922241211
2024-09-06,219.17698669433594,396.197509765625,204.81170654296875,106.33150482177734,156.49136352539062,167.60928344726562,75.44641876220703,102.6607894897461
2024-09-09,219.26632690429688,400.16241455078125,209.00511169433594,108.56877136230469,158.61434936523438,168.0579376220703,76.1355209350586,106.2947998046875
2024-09-10,218.47225952148438,408.52630615234375,198.16009521484375,104.61344146728516,159.34738159179688,169.70928955078125,77.5826187133789,107.92210388183594
2024-09-11,221.0032958984375,417.24517822265625,199.76998901367188,103.5750503540039,156.9102325439453,166.01519775390625,77.61215209960938,116.71762084960938
2024-09-12,221.11248779296875,421.15093994140625,199.1627197265625,105.00048828125,156.7388916015625,165.5856475830078,78.41939544677734,118.95413208007812
2024-09-13,220.844482421875,424.6917419433594,196.9647674560547,104.92495727539062,157.57666015625,166.1678924560547,79.34474182128906,118.9141845703125
2024-09-16,214.7104949951172,425.4314270019531,200.37733459472656,106.39759063720703,158.97613525390625,169.1842803955078,79.30537414550781,116.59780883789062
2024-09-17,215.1769561767578,429.1893005371094,201.71726989746094,107.7852554321289,159.0522918701172,167.88609313964844,77.37589263916016,115.40966796875
2024-09-18,219.04794311523438,424.90869140625,200.0592041015625,108.16287231445312,158.17640686035156,166.01519775390625,77.7991943359375,113.19313049316406
2024-09-19,227.16708374023438,432.6807861328125,202.9029998779297,109.50332641601562,156.9102325439453,163.74334716796875,76.82462310791016,117.68611145019531
2024-09-20,226.5020751953125,429.3076171875,203.49102783203125,108.81421661376953,156.2819061279297,166.30154418945312,77.8287353515625,115.81902313232422
2024-09-23,224.78492736816406,427.57171630859375,203.8284454345703,110.78717041015625,155.38702392578125,165.87197875976562,79.0789566040039,116.07862091064453
2024-09-24,225.6782684326172,423.2912292480469,203.9730224609375,110.49452209472656,154.9681396484375,165.3660888671875,79.41365051269531,120.68142700195312
2024-09-25,224.68568420410156,426.1908874511719,202.62344360351562,108.34221649169922,152.89279174804688,164.43060302734375,80.1323013305664,123.31732177734375
2024-09-26,225.82713317871094,425.40185546875,202.2281951904297,106.48255920410156,153.6448516845703,165.33746337890625,78.67533111572266,123.84648132324219
2024-09-27,226.09512329101562,422.1569519042969,202.9222869873047,109.33341979980469,153.65435791015625,165.6619873046875,78.53750610351562,121.21060180664062
2024-09-30,231.266357421875,424.4057312011719,203.26931762695312,110.6550064086914,154.28271484375,165.32789611816406,79.49240112304688,121.25054931640625
2024-10-01,224.5269012451172,414.9273986816406,199.58682250976562,113.2132339477539,154.216064453125,165.1751708984375,80.00430297851562,116.81745910644531
2024-10-02,225.09263610839844,411.4161071777344,199.8278350830078,114.71417999267578,153.43540954589844,164.1060791015625,79.1773910522461,118.66458892822266
2024-10-03,223.99090576171875,410.834228515625,197.8419647216797,115.71481323242188,152.79754638671875,162.38787841796875,79.1773910522461,122.6583480834961
2024-10-04,225.1124725341797,410.3608093261719,204.8641357421875,117.83880615234375,152.59762573242188,161.20423889160156,79.67945861816406,124.7251205444336
2024-10-07,220.04052734375,403.93011474609375,204.5828399658203,118.34855651855469,151.87411499023438,159.52423095703125,77.86809539794922,127.52074432373047
2024-10-08,224.09017944335938,409.0292663574219,204.4082794189453,115.2050552368164,152.0264434814453,160.51698303222656,78.46861267089844,132.6826629638672
2024-10-09,227.8320770263672,411.7415771484375,206.9979248046875,115.25225067138672,152.9403533935547,161.57652282714844,79.14785766601562,132.44305419921875
2024-10-10,227.33583068847656,410.1437683105469,206.4353790283203,116.24345397949219,152.80706787109375,161.27105712890625,78.37015533447266,134.5996856689453
2024-10-11,225.85691833496094,410.61724853515625,215.60101318359375,116.68712615966797,153.7115020751953,163.31378173828125,78.85252380371094,134.58970642089844
2024-10-14,229.57901000976562,413.3985900878906,214.81539916992188,117.13079833984375,153.8447723388672,164.6692657470703,79.0395736694336,137.85459899902344
2024-10-15,232.11004638671875,413.0040283203125,215.69801330566406,113.60970306396484,156.2248077392578,165.6811065673828,80.3783950805664,131.3946990966797
2024-10-16,230.05543518066406,410.4199523925781,216.910400390625,113.90235137939453,156.39614868164062,164.545166015625,79.95508575439453,135.50828552246094
2024-10-17,230.4226837158203,411.0117492675781,217.66690063476562,113.60970306396484,156.57704162597656,164.44970703125,79.6302261352539,136.71636962890625
2024-10-18,233.25148010253906,412.4320068359375,218.58831787109375,113.28874969482422,157.1958465576172,164.45643615722656,80.04369354248047,137.7847137451172
2024-10-21,234.720458984375,413.04351806640625,216.28965759277344,113.35482025146484,155.01576232910156,162.78575134277344,79.55146789550781,143.4857940673828
2024-10-22,234.1050567626953,421.6539611816406,217.3759307861328,113.94010162353516,155.60598754882812,162.93939208984375,80.74262237548828,143.36598205566406
2024-10-23,229.04302978515625,418.7838134765625,216.6873321533203,113.5341796875,157.9003448486328,162.82418823242188,81.9731674194336,139.34226989746094
2024-10-24,228.85446166992188,418.91204833984375,218.2100830078125,112.89226531982422,155.81544494628906,162.86257934570312,81.74675750732422,140.19094848632812
2024-10-25,229.6881866455078,422.2851257324219,215.62039184570312,112.7978744506836,153.1593475341797,161.51834106445312,81.2249984741211,141.31918334960938
2024-10-28,231.66336059570312,420.7465515136719,218.7144317626953,112.24091339111328,153.8447723388672,162.55531311035156,81.46126556396484,140.30078125
2024-10-29,231.93138122558594,426.03314208984375,216.19264221191406,110.71163940429688,152.40724182128906,160.51016235351562,80.4276123046875,141.02963256835938
2024-10-30,228.38792419433594,426.6051940917969,217.65721130371094,110.1546859741211,152.9022979736328,159.54043579101562,80.12245178222656,139.12261962890625
2024-10-31,224.2291259765625,400.7838134765625,215.2421417236328,110.2396469116211,152.18829345703125,158.59945678710938,80.67371368408203,132.55287170410156
2024-11-01,221.25143432617188,404.7486877441406,216.23147583007812,108.51213836669922,152.44534301757812,158.5226593017578,80.90998840332031,135.1887664794922
2024-11-04,220.3581085205078,402.8648376464844,213.16653442382812,111.9671401977539,150.64601135253906,158.50344848632812,81.16593933105469,135.83773803710938
2024-11-05,221.78741455078125,405.8237609863281,214.82508850097656,112.29754638671875,150.75074768066406,159.15634155273438,82.37677764892578,139.6917266845703
2024-11-06,221.0628662109375,414.42437744140625,239.62564086914062,114.22330474853516,150.3032989501953,154.63400268554688,82.1405258178711,145.38284301757812
2024-11-07,225.78741455078125,419.6023864746094,229.2670440673828,114.36490631103516,149.20848083496094,156.8999786376953,82.54412841796875,148.6477508544922
2024-11-08,225.51914978027344,416.7520446777344,229.84898376464844,114.3271484375,148.00897216796875,161.0286865234375,83.50886535644531,147.399658203125
2024-11-11,222.80648803710938,412.2840881347656,232.08944702148438,113.72298431396484,147.59959411621094,159.41558837890625,82.89851379394531,145.0333709716797
2024-11-12,222.80648803710938,417.23529052734375,232.35134887695312,113.60970306396484,145.31475830078125,159.233154296875,83.66637420654297,148.05862426757812
2024-11-13,223.6908416748047,419.3755798339844,233.90318298339844,114.66697692871094,145.88597106933594,159.9436798095703,84.16844177246094,146.04180908203125
2024-11-14,226.77114868164062,421.0424499511719,234.59182739257812,114.74311828613281,144.58169555664062,160.4237518310547,83.15447998046875,146.53103637695312
2024-11-15,223.5715789794922,409.3153076171875,237.92831420898438,113.55342864990234,146.60952758789062,162.78575134277344,82.93790435791016,141.7584686279297
2024-11-18,226.57241821289062,410.0649108886719,237.65673828125,114.50518798828125,147.34255981445312,163.94757080078125,82.77055358886719,139.9313507080078
2024-11-19,226.8307647705078,412.06707763671875,235.7751007080078,112.90623474121094,145.65750122070312,163.95713806152344,85.25129699707031,146.78065490722656
2024-11-20,227.54620361328125,409.798583984375,233.5346221923828,114.51470184326172,145.76222229003906,164.08197021484375,85.82227325439453,145.6623992919922
2024-11-21,227.06924438476562,408.02960205078125,237.39486694335938,116.04701232910156,148.03750610351562,165.8678741455078,87.01342010498047,146.44119262695312
2024-11-22,228.41065979003906,412.11114501953125,241.07081604003906,115.91377258300781,147.7233428955078,169.2572479248047,89.03150177001953,141.7285614013672
2024-11-25,231.39161682128906,413.88018798828125,242.75845336914062,114.18158721923828,148.3040771484375,170.32301330566406,88.10614013671875,135.80780029296875
2024-11-26,233.56771850585938,422.9722900390625,242.44805908203125,112.2780990600586,148.28488159179688,172.16653442382812,89.88795471191406,136.70639038085938
2024-11-27,233.4385223388672,418.03094482421875,242.2734832763672,111.98304748535156,149.12937927246094,172.2145233154297,90.4490737915039,135.1288604736328
2024-11-29,235.8233184814453,418.4953918457031,242.2056121826172,112.26856994628906,148.75511169433594,172.1185302734375,91.05941772460938,138.03433227539062
2024-12-02,238.06898498535156,425.9272766113281,238.84002685546875,112.16387939453125,148.55360412597656,172.54100036621094,91.19722747802734,138.41372680664062
2024-12-03,241.10952758789062,426.1446838378906,237.45306396484375,111.9925537109375,146.21205139160156,168.43150329589844,92.05369567871094,140.0411834716797
2024-12-04,241.46725463867188,432.2917175292969,236.07577514648438,108.76612854003906,144.39833068847656,168.13385009765625,92.97904205322266,144.91357421875
2024-12-05,241.49703979492188,437.4307556152344,238.09320068359375,109.24198150634766,143.48663330078125,169.0172119140625,93.81581115722656,144.8436737060547
2024-12-06,241.29832458496094,438.3696594238281,239.9166259765625,108.09037780761719,143.28512573242188,166.89524841308594,94.20958709716797,142.2275848388672
2024-12-09,245.18350219726562,440.7909240722656,236.4734649658203,107.45269775390625,143.56341552734375,163.98594665527344,92.36871337890625,138.60299682617188
2024-12-10,246.197021484375,438.1324462890625,235.55203247070312,107.23379516601562,143.20834350585938,165.41659545898438,93.07748413085938,134.86856079101562
2024-12-11,244.9251708984375,443.7261047363281,236.20187377929688,106.51998901367188,140.7228546142578,163.8323516845703,93.4811019897461,139.1022491455078
2024-12-12,246.3858184814453,444.2894592285156,234.26206970214844,106.4248046875,140.33900451660156,164.04356384277344,92.62464904785156,137.1351776123047
2024-12-13,246.55474853515625,442.0262451171875,232.7198944091797,105.49209594726562,140.70367431640625,164.24517822265625,92.98772430419922,134.04978942871094
2024-12-16,249.44625854492188,446.2956237792969,232.3707275390625,103.2364501953125,138.04542541503906,164.32200622558594,93.59943389892578,131.8031463623047
2024-12-17,251.87078857421875,449.1319580078125,231.18746948242188,102.79865264892578,140.5021514892578,163.54429626464844,94.1420669555664,130.19554138183594
2024-12-18,246.4752655029297,432.2620849609375,223.43788146972656,101.28534698486328,138.90911865234375,162.34408569335938,92.29710388183594,128.71775817871094
2024-12-19,248.20419311523438,431.9063415527344,225.94993591308594,100.41927337646484,137.78634643554688,162.44970703125,92.14911651611328,130.48509216308594
2024-12-20,252.87437438964844,431.4813537597656,230.4503173828125,100.76190185546875,138.6404266357422,161.36473083496094,91.00465393066406,134.49911499023438
2024-12-23,253.64942932128906,430.147216796875,231.216552734375,101.17115020751953,139.40814208984375,161.4127197265625,89.13995361328125,139.46170043945312
2024-12-24,256.56085205078125,434.1793212890625,235.0186004638672,101.26632690429688,139.96473693847656,162.20965576171875,91.43875885009766,140.01089477539062
2024-12-26,257.3755798339844,432.9736328125,235.8236083984375,101.35197448730469,139.7056427001953,163.3810577392578,91.54728698730469,139.72132873535156
2024-12-27,253.96739196777344,425.4825744628906,233.9128875732422,101.34246826171875,139.19700622558594,162.7761688232422,90.43241882324219,136.80567932128906
2024-12-30,250.5989227294922,419.849365234375,232.11856079101562,100.65719604492188,137.55601501464844,160.433349609375,89.35701751708984,137.28494262695312
2024-12-31,248.83021545410156,416.55841064453125,232.496826171875,102.37986755371094,138.78436279296875,160.97103881835938,89.13995361328125,134.08973693847656
2025-01-02,242.3019256591797,413.6726379394531,232.778076171875,102.13240051269531,138.20858764648438,159.36758422851562,88.7946548461914,138.10372924804688
2025-01-03,241.81503295898438,418.38671875,235.9593963623047,102.6558837890625,138.37173461914062,158.55145263671875,89.56420135498047,144.2545623779297
2025-01-06,243.44461059570312,422.8340148925781,234.80899047851562,102.54166412353516,137.8631134033203,154.20191955566406,90.20549011230469,149.2071533203125
2025-01-07,240.67233276367188,417.418212890625,237.07078552246094,103.50293731689453,140.32940673828125,154.8740234375,89.59380340576172,139.93101501464844
2025-01-08,241.15921020507812,419.58251953125,237.0318145751953,101.77075958251953,136.52920532226562,155.6421661376953,90.57054138183594,139.9010467529297
2025-01-10,235.3463592529297,414.0382995605469,233.85354614257812,101.39956665039062,136.32766723632812,152.24319458007812,91.75447082519531,135.7073211669922
2025-01-13,232.91189575195312,412.2989501953125,238.084716796875,104.01689147949219,138.6404266357422,152.5120086669922,90.30415344238281,133.03131103515625
2025-01-14,231.79904174804688,410.7967834472656,241.26295471191406,104.42613983154297,138.90911865234375,153.3761749267578,89.5740737915039,131.56349182128906
2025-01-15,236.35987854003906,421.3119812011719,246.02053833007812,106.12977600097656,139.1202392578125,153.28973388671875,90.11670684814453,136.03683471679688
2025-01-16,226.8108673095703,419.60223388671875,247.89239501953125,105.9489517211914,141.80728149414062,154.1058807373047,90.07723999023438,133.3708038330078
2025-01-17,228.51998901367188,424.0000915527344,252.6597442626953,106.90068817138672,141.09713745117188,154.7108154296875,90.70867156982422,137.504638671875
2025-01-21,221.2265625,423.4763488769531,256.43267822265625,106.0916976928711,142.17193603515625,155.27728271484375,91.8333969116211,140.61996459960938
2025-01-22,222.40902709960938,440.9688415527344,256.2474670410156,104.24530029296875,139.40814208984375,158.17697143554688,91.98139190673828,146.85067749023438
2025-01-23,222.24009704589844,441.47283935546875,259.2794494628906,104.83539581298828,140.7228546142578,159.53079223632812,92.55361938476562,147.00045776367188
2025-01-24,221.36566162109375,438.8539123535156,258.1972961425781,103.41728210449219,140.89559936523438,158.5425567626953,93.49089813232422,142.40731811523438
2025-01-27,228.40072631835938,429.4653015136719,259.1819152832031,104.85441589355469,146.7206573486328,163.89431762695312,96.09554290771484,118.24340057373047
2025-01-28,236.74740600585938,441.95709228515625,260.4396057128906,102.82719421386719,144.31195068359375,160.54222106933594,95.98701477050781,128.79762268066406
2025-01-29,237.84042358398438,437.1441650390625,259.8936462402344,103.42680358886719,145.0508575439453,160.58084106445312,96.19419860839844,123.51551818847656
2025-01-30,236.0816650390625,410.12469482421875,261.5022277832031,104.28337860107422,146.7014617919922,161.72076416015625,97.32880401611328,124.46411895751953
2025-01-31,234.5017547607422,410.1938781738281,260.5955810546875,101.67557525634766,146.01051330566406,160.34902954101562,96.8453598022461,119.89093780517578
2025-02-03,226.56246948242188,406.1024169921875,260.11785888671875,101.92301940917969,145.74180603027344,163.02487182617188,98.20687866210938,116.48602294921875
2025-02-04,231.32208251953125,407.5354309082031,261.21954345703125,104.65455627441406,147.29644775390625,162.4163055419922,99.42040252685547,118.47305297851562
2025-02-05,230.99415588378906,408.4446716308594,263.64703369140625,104.57842254638672,148.44802856445312,163.26638793945312,101.08777618408203,124.64383697509766
2025-02-06,231.73939514160156,410.9449462890625,269.9548034667969,103.19837951660156,147.31564331054688,163.14080810546875,101.47254943847656,128.48812866210938
2025-02-07,226.18487548828125,404.9461669921875,268.88238525390625,103.63618469238281,146.9413604736328,162.26173400878906,99.79531860351562,129.64634704589844
2025-02-10,226.45346069335938,407.3871765136719,264.2418212890625,105.61583709716797,148.0161895751953,161.83670043945312,101.5416030883789,133.3708038330078
2025-02-11,231.39735412597656,406.6163635253906,268.0926818847656,106.28205108642578,149.82992553710938,163.672119140625,101.09764862060547,132.6019744873047
2025-02-12,235.62501525878906,404.2444763183594,268.5411682128906,103.0843734741211,148.9950408935547,163.81704711914062,102.22236633300781,130.94442749023438
2025-02-13,240.26052856445312,405.72686767578125,269.38934326171875,103.83338165283203,150.9047393798828,165.2080841064453,103.6430892944336,135.08822631835938
2025-02-14,243.3144073486328,403.6416015625,269.65252685546875,103.93901062011719,149.84912109375,157.35438537597656,102.64661407470703,138.64292907714844
2025-02-18,243.18507385253906,404.8374938964844,272.92828369140625,105.76350402832031,149.92649841308594,159.80804443359375,102.39009094238281,139.19210815429688
2025-02-19,243.5829620361328,409.90728759765625,272.245849609375,105.91715240478516,152.7317657470703,160.83204650878906,102.60713958740234,139.02236938476562
2025-02-20,244.53790283203125,412.07598876953125,260.10809326171875,107.54960632324219,154.4632568359375,161.52757263183594,95.90808868408203,139.9010467529297
2025-02-21,244.25938415527344,404.2331237792969,257.6123352050781,106.29166412353516,156.99769592285156,164.44491577148438,93.51063537597656,134.22950744628906
2025-02-24,245.80125427246094,400.0641174316406,254.78504943847656,106.84860229492188,158.39065551757812,164.74436950683594,92.41548919677734,130.08572387695312
2025-02-25,245.74156188964844,394.0235595703125,250.94386291503906,105.36980438232422,160.66387939453125,166.78268432617188,96.38166046142578,126.44115447998047
2025-02-26,239.09666442871094,395.83575439453125,252.29905700683594,105.11052703857422,157.75218200683594,165.47857666015625,94.91160583496094,131.084228515625
2025-02-27,236.05276489257812,388.7058410644531,252.552490234375,105.77311706542969,158.38095092773438,166.12579345703125,95.49371337890625,119.9708251953125
2025-02-28,240.5688934326172,393.1224365234375,258.0120544433594,106.9062271118164,159.62881469726562,167.9322509765625,97.28933715820312,124.73370361328125
2025-03-03,236.77890014648438,384.7052001953125,254.08314514160156,103.47808074951172,161.81500244140625,169.62277221679688,96.28298950195312,113.88990020751953
2025-03-04,234.68994140625,384.82403564453125,243.9732208251953,103.2668228149414,160.01576232910156,167.29466247558594,93.69808959960938,115.8170166015625
2025-03-05,234.50094604492188,397.1131286621094,245.22113037109375,101.25027465820312,159.72555541992188,168.6761016845703,94.69456481933594,117.12507629394531
2025-03-06,234.09312438964844,393.0234375,240.3562774658203,103.34364318847656,160.41236877441406,168.72438049316406,93.37250518798828,110.40510559082031
2025-03-07,237.81346130371094,389.478271484375,236.203125,104.6880111694336,161.2442626953125,169.97055053710938,90.49161529541016,112.52195739746094
2025-03-10,226.28436279296875,376.45635986328125,226.39544677734375,107.35755157470703,162.22128295898438,170.27001953125,86.64385223388672,106.8204574584961
2025-03-11,219.6792755126953,376.74359130859375,223.39271545410156,104.82245635986328,160.44139099121094,167.23670959472656,86.26893615722656,108.59779357910156
2025-03-12,215.8395538330078,379.53607177734375,222.1837921142578,104.79363250732422,157.52972412109375,162.6481475830078,84.05892944335938,115.57803344726562
2025-03-13,208.5779266357422,375.07989501953125,219.54177856445312,104.3519287109375,157.66514587402344,162.86065673828125,83.3683090209961,115.41825103759766
2025-03-14,212.36790466308594,384.7745666503906,226.6099395751953,107.45358276367188,157.4910125732422,162.26173400878906,84.20692443847656,121.49972534179688
2025-03-17,212.87521362304688,384.9132080078125,228.0625457763672,109.23966979980469,157.52003479003906,163.99090576171875,86.28866577148438,119.36272430419922
2025-03-18,211.57211303710938,379.78363037109375,229.0764617919922,109.12442779541016,158.8839874267578,162.01058959960938,84.44371032714844,115.26846313476562
2025-03-19,214.10870361328125,384.041748046875,233.11264038085938,110.82410430908203,157.66514587402344,162.8413543701172,85.1738052368164,117.35553741455078
2025-03-20,212.97471618652344,383.07135009765625,233.01513671875,111.29463195800781,157.6941680908203,161.85601806640625,84.6607666015625,118.3641128540039
2025-03-21,217.12277221679688,387.4482421875,235.56942749023438,110.9105224609375,158.28424072265625,161.02523803710938,85.06143951416016,117.5352783203125
2025-03-24,219.56983947753906,389.2504577636719,241.83816528320312,111.19860076904297,157.955322265625,160.02056884765625,86.55530548095703,121.24009704589844
2025-03-25,222.57395935058594,391.31024169921875,244.83116149902344,111.95721435546875,155.75950622558594,157.3157501220703,83.8544692993164,120.52110290527344
2025-03-26,220.3656463623047,386.1708068847656,244.73365783691406,113.57044982910156,156.4366455078125,160.91897583007812,84.29966735839844,113.60079956054688
2025-03-27,222.67344665527344,386.7748718261719,241.89663696289062,113.20555877685547,157.80056762695312,162.9766082763672,84.71517181396484,111.27406311035156
2025-03-28,216.75469970703125,375.109619140625,236.7588348388672,113.05192565917969,158.36163330078125,162.3197021484375,84.24031066894531,109.51652526855469
2025-03-31,220.9624786376953,371.73291015625,239.14736938476562,114.20423126220703,160.42201232910156,164.6284637451172,86.85210418701172,108.22832489013672
2025-04-01,222.01690673828125,378.46661376953125,237.5485076904297,114.30986022949219,148.24334716796875,164.76370239257812,87.88098907470703,109.99585723876953
2025-04-02,222.71324157714844,378.4171447753906,239.6543426513672,113.9545669555664,150.28439331054688,163.73976135253906,88.80105590820312,110.26546478271484
2025-04-03,202.1220245361328,369.47503662109375,222.9539794921875,107.96250915527344,154.59872436523438,166.53152465820312,86.3277587890625,101.65753936767578
2025-04-04,187.389892578125,356.3343505859375,206.2684783935547,100.1939697265625,148.23367309570312,158.1851348876953,82.3012466430664,94.17801666259766
2025-04-07,180.5062713623047,354.3736572265625,210.34913635253906,98.849609375,145.6992645263672,154.78475952148438,82.93440246582031,97.50334930419922
2025-04-08,171.5137481689453,351.1058044433594,212.73275756835938,96.76583099365234,145.0995330810547,153.00730895996094,80.91620635986328,96.16522979736328
2025-04-09,197.8048553466797,386.6857604980469,229.86949157714844,101.59596252441406,146.03782653808594,156.8037567138672,88.64276123046875,114.17000579833984
2025-04-10,189.4191436767578,377.6347961425781,222.7774200439453,95.95922088623047,143.8323211669922,158.00160217285156,89.64197540283203,107.4194564819336
2025-04-11,197.1085205078125,384.6656188964844,231.6940155029297,99.04165649414062,146.7729949951172,161.23776245117188,91.8085708618164,110.77476501464844
2025-04-14,201.45555114746094,384.0318908691406,230.24224853515625,99.2817153930664,149.3170928955078,163.38232421875,93.71794891357422,110.55506896972656
2025-04-15,201.07754516601562,381.9721374511719,228.6825714111328,99.00325012207031,148.6012725830078,162.7447509765625,92.9660873413086,112.04297637939453
2025-04-16,193.2489013671875,367.98968505859375,225.229736328125,100.04993438720703,148.88177490234375,160.73544311523438,90.21578216552734,104.3437728881836
2025-04-17,195.9446563720703,364.1969909667969,227.534912109375,102.67146301269531,152.32546997070312,164.8313446044922,92.2240982055664,101.34796905517578
2025-04-21,192.14476013183594,355.6213684082031,224.62156677246094,101.1638412475586,151.79344177246094,161.11524963378906,91.42274475097656,96.77438354492188
2025-04-22,198.69017028808594,363.246337890625,231.09564208984375,103.99662017822266,152.59632873535156,163.18568420410156,93.83667755126953,98.75159454345703
2025-04-23,203.52464294433594,370.7426452636719,236.28472900390625,103.10357666015625,150.30377197265625,161.09579467773438,93.94549560546875,102.5662612915039
2025-04-24,207.27479553222656,383.52679443359375,239.97299194335938,104.31350708007812,149.8684539794922,155.0691680908203,94.81608581542969,106.28104400634766
2025-04-25,208.18002319335938,388.0325012207031,238.90380859375,104.25589752197266,149.5299072265625,156.5175018310547,94.0740966796875,110.85465240478516
2025-04-28,209.0354766845703,387.3492431640625,238.580078125,104.31350708007812,150.27474975585938,157.32431030273438,94.20272827148438,108.57784271240234
2025-04-29,210.09988403320312,390.2012023925781,239.953369140625,104.05424499511719,150.8164520263672,157.72280883789062,95.01396179199219,108.867431640625
2025-04-30,211.38308715820312,391.4092712402344,239.953369140625,101.4327163696289,151.203369140625,158.02415466308594,96.2110366821289,108.76756286621094
2025-05-01,212.19879150390625,421.2556457519531,242.1800994873047,101.5767593383789,149.41380310058594,155.506591796875,96.36932373046875,111.45380401611328
2025-05-02,204.2706756591797,431.0393981933594,247.69287109375,101.98967742919922,151.0195770263672,156.03147888183594,97.69501495361328,114.33976745605469
2025-05-05,197.84463500976562,431.9207458496094,247.74191284179688,99.1664810180664,149.93617248535156,154.3887481689453,98.26881408691406,113.66072082519531
2025-05-06,197.4666290283203,429.0885925292969,244.4950408935547,100.54927062988281,149.42349243164062,154.7969970703125,97.49715423583984,113.38111114501953
2025-05-07,195.218505859375,429.12823486328125,244.63238525390625,100.4532470703125,152.16104125976562,154.83587646484375,97.77415466308594,116.89617919921875
2025-05-08,196.45201110839844,433.9012451171875,248.63453674316406,101.85523223876953,150.57461547851562,154.21376037597656,96.38911437988281,117.20574951171875
2025-05-09,197.48654174804688,434.4557800292969,248.2519989013672,103.04595184326172,149.18167114257812,153.25146484375,95.91805267333984,116.48675537109375
2025-05-12,209.95704650878906,444.8832092285156,255.08900451660156,104.82245635986328,149.10426330566406,156.40084838867188,95.94779205322266,122.82786560058594
2025-05-13,212.0885772705078,444.764404296875,257.9925842285156,105.11052703857422,143.5904998779297,154.29153442382812,95.08500671386719,129.7481689453125
2025-05-14,211.490966796875,448.52734375,260.5724182128906,104.16947937011719,141.5784454345703,153.60140991210938,96.02713012695312,135.1505889892578
2025-05-15,210.61444091796875,449.5392761230469,262.3870544433594,105.2258071899414,144.72227478027344,157.86863708496094,95.55111694335938,134.64132690429688
2025-05-16,210.42518615722656,450.6702575683594,262.45574951171875,104.84784698486328,146.38607788085938,158.7143096923828,97.4254379272461,135.21051025390625
2025-05-19,207.9550018310547,455.2337646484375,259.826904296875,103.18097686767578,147.5081787109375,160.16265869140625,97.30644226074219,135.38026428222656
2025-05-20,206.04258728027344,454.5393371582031,260.61163330078125,101.70793151855469,148.63995361328125,161.00831604003906,96.98909759521484,134.1919403076172
2025-05-21,201.2914276123047,448.98370361328125,256.06011962890625,100.45779418945312,148.17562866210938,160.80419921875,95.63045501708984,131.6155548095703
2025-05-22,200.56431579589844,451.25555419921875,255.6972198486328,99.78910827636719,147.62425231933594,160.4153594970703,95.13459777832031,132.64410400390625
2025-05-23,194.49838256835938,446.6126403808594,255.73643493652344,99.84724426269531,147.9434814453125,161.22216796875,95.54119873046875,131.10626220703125
2025-05-27,199.41885375976562,457.0393371582031,260.22906494140625,100.32210540771484,149.51422119140625,163.06903076171875,96.77091979980469,135.31036376953125
2025-05-28,199.62803649902344,453.7357482910156,258.46337890625,98.95567321777344,148.71420288085938,162.68023681640625,96.4337387084961,134.621337890625
2025-05-29,199.15988159179688,455.0453186035156,259.3266296386719,99.51775360107422,149.836181640625,163.84666442871094,96.2948989868164,138.99520874023438
2025-05-30,200.05633544921875,456.71197509765625,258.96368408203125,99.13980865478516,151.4264373779297,165.1394805908203,97.90147399902344,134.94090270996094
2025-06-02,200.90298461914062,458.3092346191406,259.611083984375,99.86663818359375,151.61181640625,163.08848571777344,98.94275665283203,137.187744140625
2025-06-03,202.46676635742188,459.3013000488281,261.1903381347656,100.59346008300781,150.65570068359375,162.1844940185547,99.1510238647461,141.02235412597656
2025-06-04,202.01856994628906,460.1941223144531,259.17950439453125,99.13980865478516,149.48495483398438,161.3096466064453,98.52623748779297,141.7213897705078
2025-06-05,199.83718872070312,463.9739685058594,256.9527893066406,98.684326171875,149.9142303466797,158.2477264404297,97.14776611328125,139.79408264160156
2025-06-06,203.11419677734375,466.6525573730469,260.66064453125,101.04893493652344,151.25083923339844,159.43360900878906,96.66182708740234,141.5216522216797
2025-06-09,200.65394592285156,469.00384521484375,261.6513977050781,101.7273178100586,151.44595336914062,158.0144500732422,96.64199829101562,142.43040466308594
2025-06-10,201.869140625,467.18829345703125,263.4759216308594,103.90782165527344,152.63621520996094,158.28662109375,96.5130615234375,143.75852966308594
2025-06-11,197.99452209472656,468.8748474121094,263.03448486328125,105.93325805664062,151.4752197265625,157.57701110839844,95.00568389892578,142.6400146484375
2025-06-12,198.412841796875,475.0752868652344,263.12274169921875,106.34027862548828,152.8411102294922,158.61709594726562,94.0437240600586,144.80712890625
2025-06-13,195.67372131347656,471.1962890625,259.89556884765625,108.65645599365234,153.2703857421875,155.79820251464844,93.6569595336914,141.78114318847656
2025-06-16,197.6359100341797,475.3431701660156,265.2023010253906,109.00533294677734,151.4362030029297,156.38143920898438,93.5082015991211,144.49754333496094
2025-06-17,194.86691284179688,474.25189208984375,264.37835693359375,110.4783706665039,148.66542053222656,154.08741760253906,93.46852111816406,143.92828369140625
2025-06-18,195.80320739746094,476.4344482421875,268.7336730957031,109.69339752197266,147.05564880371094,153.60140991210938,94.30155181884766,145.28648376464844
2025-06-20,200.20574951171875,473.6169738769531,269.7538146972656,111.15673828125,146.1385498046875,154.6317596435547,95.3230209350586,143.65866088867188
2025-06-23,200.70376586914062,482.1488037109375,272.9613952636719,108.28817749023438,147.63128662109375,156.5272216796875,97.05850982666016,143.97824096679688
2025-06-24,199.50851440429688,486.2261962890625,275.8943786621094,104.99320983886719,148.4800567626953,155.8759765625,97.18743896484375,147.7032470703125
2025-06-25,200.76353454589844,488.36907958984375,278.6409606933594,105.02228546142578,148.56787109375,154.5248260498047,96.45356750488281,154.10475158691406
2025-06-26,200.20574951171875,493.508056640625,283.24151611328125,106.59224700927734,148.304443359375,154.1943359375,95.22383880615234,154.8137969970703
2025-06-27,200.28543090820312,492.0100402832031,281.6327819824219,106.00109100341797,148.6947021484375,155.3899383544922,96.46349334716797,157.54017639160156
2025-06-30,204.3592529296875,493.4684143066406,284.3794250488281,104.46989440917969,149.0264129638672,154.8650360107422,96.9692611694336,157.7798614501953
2025-07-01,206.99879455566406,488.15087890625,284.869873046875,105.86540222167969,152.11912536621094,156.7119140625,97.4254379272461,153.09609985351562
2025-07-02,211.6005401611328,487.198486328125,286.4295349121094,107.6195068359375,151.76791381835938,156.6924591064453,96.80066680908203,157.04083251953125
2025-07-03,212.70614624023438,494.8870849609375,291.75201416015625,108.73397064208984,152.2069549560547,156.3328094482422,97.54444885253906,159.1280517578125
2025-07-07,209.12037658691406,493.77593994140625,287.77984619140625,107.67764282226562,151.4849853515625,156.0120391845703,98.52623748779297,158.02952575683594
2025-07-08,209.18011474609375,492.68463134765625,278.72174072265625,110.6624984741211,151.99227905273438,153.4750213623047,96.28498077392578,159.78717041015625
2025-07-09,210.3056640625,499.52008056640625,279.0962829589844,110.28455352783203,152.47036743164062,153.11538696289062,96.00729370117188,162.66334533691406
2025-07-10,211.57066345214844,497.50616455078125,284.05413818359375,111.37964630126953,153.84600830078125,154.05824279785156,94.07347106933594,163.88172912597656
2025-07-11,210.32559204101562,499.33154296875,282.7431640625,111.86419677734375,153.0752410888672,152.6585235595703,93.6172866821289,164.7006378173828
2025-07-14,207.7956085205078,499.033935546875,284.55682373046875,110.40084075927734,152.99720764160156,149.46051025390625,94.98583984375,163.85177612304688
2025-07-15,208.28369140625,501.8117370605469,282.4376525878906,109.42204284667969,151.38742065429688,148.4106903076172,94.59907531738281,170.4729461669922
2025-07-16,209.3295440673828,501.61334228515625,281.7181396484375,108.76304626464844,160.76315307617188,149.4313507080078,94.3610610961914,171.14205932617188
2025-07-17,209.1901092529297,507.6451721191406,285.73956298828125,108.21066284179688,159.00701904296875,151.2685089111328,94.30155181884766,172.7698974609375
2025-07-18,210.3455047607422,506.0082092285156,287.08990478515625,104.44082641601562,159.70948791503906,151.7940673828125,94.26190185546875,172.18067932128906
2025-07-21,211.640380859375,506.01812744140625,286.7942199707031,104.7121810913086,160.3533935546875,151.7255401611328,94.87674713134766,171.1520538330078
2025-07-22,213.55276489257812,501.2660827636719,287.2475891113281,105.1870346069336,163.83636474609375,154.9454345703125,95.05525207519531,166.80784606933594
2025-07-23,213.3037872314453,501.8613586425781,292.5011291503906,106.53409576416016,164.97784423828125,154.90626525878906,94.88667297363281,170.55284118652344
2025-07-24,212.91531372070312,506.8316345214844,292.2940979003906,107.3675308227539,165.4266357421875,155.42498779296875,95.79903411865234,173.5089111328125
2025-07-25,213.03485107421875,509.6392822265625,294.33441162109375,106.98958587646484,164.19735717773438,154.9258575439453,96.66182708740234,173.26922607421875
2025-07-28,213.2041778564453,508.4388122558594,293.9992980957031,107.99745178222656,162.16806030273438,153.76121520996094,96.80066680908203,176.514892578125
2025-07-29,210.43515014648438,508.50823974609375,292.7771301269531,109.39295959472656,164.01197814941406,153.27186584472656,97.51470184326172,175.2765350341797
2025-07-30,208.2239227294922,509.17291259765625,295.3299255371094,108.44324493408203,163.1826934814453,149.62136840820312,96.78083038330078,179.03155517578125
2025-07-31,206.74978637695312,529.2723388671875,291.9885559082031,108.19127655029297,160.72413635253906,147.26275634765625,97.1676025390625,177.63340759277344
2025-08-01,201.58030700683594,519.956787109375,285.2171936035156,106.25305938720703,163.25099182128906,147.4389190673828,97.67337036132812,173.4889373779297
2025-08-04,202.54644775390625,531.3955078125,290.0369873046875,104.05317687988281,166.8705596923828,147.5465545654297,98.76425170898438,179.76058959960938
2025-08-05,202.11814880371094,523.5679321289062,287.1884460449219,103.92718505859375,166.577880859375,147.3018798828125,98.486572265625,178.02288818359375
2025-08-06,212.4073486328125,520.7802734375,287.16876220703125,103.2197494506836,166.4315185546875,149.601806640625,102.50299835205078,179.1813507080078
2025-08-07,219.16053771972656,516.7127685546875,282.8220520019531,102.67704772949219,167.34860229492188,150.21836853027344,102.26498413085938,180.52957153320312
2025-08-08,228.4437255859375,517.9031982421875,284.6159362792969,103.50078582763672,169.10472106933594,150.23794555664062,102.86992645263672,182.45700073242188
2025-08-11,226.53909301757812,517.6354370117188,285.4044189453125,102.56076049804688,169.5828094482422,151.67662048339844,103.06826782226562,181.8178253173828
2025-08-12,229.00213623046875,525.0462036132812,288.6472473144531,102.85147857666016,168.56814575195312,151.78427124023438,102.7608413696289,182.9163818359375
2025-08-13,232.6717529296875,516.454833984375,286.36053466796875,104.27607727050781,170.16815185546875,152.0974578857422,100.15263366699219,181.3484649658203
2025-08-14,232.12330627441406,518.3397216796875,289.93841552734375,104.06287384033203,170.46084594726562,150.46304321289062,100.01380157470703,181.7778778076172
2025-08-15,230.93666076660156,516.0479736328125,286.32110595703125,104.16068267822266,172.33404541015625,151.06982421875,99.40248107910156,180.20997619628906
2025-08-18,230.23863220214844,513.0023193359375,287.34619140625,104.38565063476562,171.95355224609375,152.40084838867188,100.0982894897461,181.76788330078125
2025-08-19,229.90956115722656,505.7304382324219,286.4886779785156,105.0703353881836,173.4657745361328,155.02371215820312,100.68476867675781,175.4063720703125
2025-08-20,225.3723907470703,501.7125549316406,288.0459899902344,106.15605926513672,174.4804229736328,156.1100616455078,101.95712280273438,175.16668701171875
2025-08-21,224.26551818847656,501.066650390625,287.28704833984375,106.84075164794922,174.56822204589844,155.3466796875,97.37467193603516,174.7472381591797
2025-08-22,227.11746215820312,504.0378112792969,291.9885559082031,108.84590911865234,174.91944885253906,155.28794860839844,96.25141906738281,177.75326538085938
2025-08-25,226.5191650390625,501.0865173339844,290.6678161621094,109.29584503173828,174.06089782714844,152.82167053222656,95.49596405029297,179.57083129882812
2025-08-26,228.6630859375,498.8804626464844,294.28515625,109.05131530761719,173.4515838623047,152.64552307128906,95.47608184814453,181.52822875976562
2025-08-27,229.83978271484375,503.5509033203125,294.9849548339844,110.28376007080078,173.74639892578125,153.6144256591797,95.50589752197266,181.35845947265625
2025-08-28,231.90391540527344,506.4326477050781,296.7492980957031,110.87062072753906,172.4294891357422,152.33233642578125,95.53572082519531,179.93035888671875
2025-08-29,231.485107421875,503.5011901855469,297.09423828125,111.79006958007812,174.11985778808594,153.6927032470703,96.40052795410156,173.94830322265625
2025-09-02,229.07192993164062,501.9410705566406,295.39892578125,112.18132019042969,174.99453735351562,154.62245178222656,97.26531982421875,170.55284118652344
2025-09-03,237.79725646972656,502.1696472167969,295.211669921875,109.4621353149414,174.93557739257812,154.79861450195312,98.8458251953125,170.39306640625
2025-09-04,239.10353088378906,504.77313232421875,299.4598083496094,109.94141387939453,175.6824951171875,155.79689025878906,100.32691192626953,171.4316864013672
2025-09-05,239.01380920410156,491.884765625,290.1552734375,106.84075164794922,175.35816955566406,156.60919189453125,99.90943145751953,166.79786682128906
2025-09-08,237.20892333984375,495.06463623046875,288.70635986328125,107.44718170166016,175.06333923339844,155.62071228027344,101.6688461303711,168.08612060546875
2025-09-09,233.6888885498047,495.2733154296875,293.5754699707031,108.22969055175781,173.91348266601562,156.06112670898438,101.67879486083984,170.53285217285156
2025-09-10,226.1501922607422,497.2209777832031,296.22686767578125,110.03922271728516,172.7636260986328,153.99609375,99.81002807617188,177.09413146972656
2025-09-11,229.38107299804688,497.8569641113281,301.1748352050781,109.68709564208984,175.42697143554688,155.2488250732422,102.0366439819336,176.9443359375
2025-09-12,233.40968322753906,506.6910095214844,302.5054626464844,109.7066650390625,174.99453735351562,154.53436279296875,102.87162017822266,177.59349060058594
2025-09-15,236.03224182128906,512.1166381835938,304.4668884277344,109.89250183105469,174.34588623046875,153.4871826171875,103.07042694091797,177.52359008789062
2025-09-16,237.4781494140625,505.8364562988281,304.75274658203125,112.17153930664062,173.42210388183594,154.68118286132812,102.80204772949219,174.65724182128906
2025-09-17,238.3157958984375,506.81024169921875,307.2760009765625,112.76819610595703,174.14935302734375,156.91256713867188,103.64695739746094,170.0730743408203
2025-09-18,237.20892333984375,505.2501525878906,308.7347717285156,111.43794250488281,171.1616973876953,153.9667510986328,102.98097229003906,176.01551818847656
2025-09-19,244.8074188232422,514.6705322265625,310.26251220703125,110.35222625732422,173.15675354003906,152.71400451660156,101.71855926513672,176.4449462890625
2025-09-22,255.35755920410156,511.21240234375,307.9560852050781,109.5697250366211,171.21083068847656,149.8073272705078,102.20562744140625,183.37611389160156
2025-09-23,253.7122344970703,506.0252380371094,308.25177001953125,111.4574966430664,173.54002380371094,149.2494659423828,101.90740966796875,178.2027130126953
2025-09-24,251.59820556640625,506.9394226074219,308.92205810546875,112.05415344238281,173.6481475830078,149.17117309570312,102.11616516113281,176.74456787109375
2025-09-25,256.14532470703125,503.83905029296875,308.9516296386719,113.0616226196289,174.67022705078125,148.90692138671875,102.43425750732422,177.4636688232422
2025-09-26,254.7393341064453,508.2411804199219,311.5241394042969,114.6559829711914,176.6161346435547,149.2494659423828,102.5436019897461,177.96302795410156
2025-09-29,253.7122344970703,511.3613586425781,311.1594543457031,111.72160339355469,178.4932403564453,150.2575225830078,102.46408081054688,181.61837768554688
2025-09-30,253.9116668701172,514.6903686523438,310.9031677246094,110.28376007080078,182.2278289794922,150.3749542236328,102.4441909790039,186.3423309326172
2025-10-01,254.72933959960938,516.439208984375,306.2508850097656,109.54037475585938,182.8470001220703,149.9149627685547,101.35076141357422,187.00149536132812
2025-10-02,256.40460205078125,512.4942626953125,303.1362609863281,108.8556900024414,182.7781982421875,148.80906677246094,101.09231567382812,188.64939880371094
2025-10-03,257.2920837402344,514.0940551757812,305.5806579589844,110.78260040283203,185.3924102783203,149.02438354492188,101.46011352539062,187.38101196289062
2025-10-06,255.9658660888672,525.2435302734375,306.2244567871094,111.70203399658203,184.92066955566406,147.2040252685547,102.08634185791016,185.30364990234375
2025-10-07,255.75645446777344,520.682373046875,304.7486877441406,111.76072692871094,185.63809204101562,149.2886199951172,102.62311553955078,184.80429077148438
2025-10-08,257.33197021484375,521.5468139648438,301.1236877441406,111.52597045898438,186.42433166503906,147.47805786132812,102.28515625,188.86911010742188
2025-10-09,253.32330322265625,519.1123046875,302.6093444824219,110.44026184082031,187.79039001464844,147.37039184570312,101.16190338134766,192.32470703125
2025-10-10,244.57806396484375,507.74432373046875,298.01373291015625,108.30794525146484,187.4365997314453,146.49937438964844,101.23147583007812,182.92669677734375
2025-10-13,246.96133422851562,510.81488037109375,305.0260314941406,109.78490447998047,187.6134796142578,144.3462677001953,101.50981140136719,188.0801239013672
2025-10-14,247.07101440429688,510.3379211425781,299.19232177734375,109.83381652832031,187.56436157226562,145.9806671142578,106.56939697265625,179.8006591796875
2025-10-15,248.63658142089844,510.19879150390625,302.767822265625,109.16868591308594,187.8788604736328,144.2777557373047,108.37852478027344,179.60093688964844
2025-10-16,246.7519073486328,508.3902587890625,295.6861572265625,108.21990203857422,188.81248474121094,146.4113006591797,105.83381652832031,181.5784149169922
2025-10-17,251.5782470703125,510.3478698730469,294.7155456542969,109.78490447998047,189.8935546875,148.17291259765625,107.08629608154297,182.9866180419922
2025-10-20,261.50018310546875,513.5376586914062,299.4696350097656,110.23484802246094,190.3849334716797,148.7209930419922,106.41034698486328,182.4073486328125
2025-10-21,262.0286865234375,514.4021606445312,294.2500305175781,110.24462890625,188.5766143798828,148.3882293701172,105.58531188964844,180.92922973632812
2025-10-22,257.7209167480469,517.2640380859375,291.2984924316406,112.20088195800781,189.61839294433594,148.95587158203125,106.49981689453125,180.05035400390625
2025-10-23,258.8476867675781,517.2838745117188,291.72442626953125,113.44309997558594,189.15646362304688,148.9656524658203,106.22148895263672,181.92796325683594
2025-10-24,262.07855224609375,520.3146362304688,297.5680236816406,112.86601257324219,187.12210083007812,150.28330993652344,105.53560638427734,186.02272033691406
2025-10-27,268.0516357421875,528.1749877929688,301.2425231933594,113.40398406982422,187.02381896972656,149.54417419433594,103.84577178955078,191.24607849121094
2025-10-28,268.2410888671875,538.6585083007812,302.4409484863281,112.51387786865234,183.7118377685547,149.1795196533203,102.55352783203125,200.77394104003906
2025-10-29,268.93914794921875,538.1417846679688,302.58953857421875,113.90281677246094,183.3875274658203,146.6171417236328,101.84777069091797,206.77627563476562
2025-10-30,270.63433837890625,522.4512329101562,306.48199462890625,112.18132019042969,185.7953338623047,147.41542053222656,101.61915588378906,202.63156127929688
2025-10-31,269.60723876953125,514.5512084960938,308.1459045410156,111.8585433959961,185.61843872070312,148.19398498535156,100.57543182373047,202.23207092285156
2025-11-03,268.2909851074219,513.776123046875,306.3928527832031,111.27166748046875,183.05337524414062,145.8780059814453,100.98297882080078,206.61647033691406
2025-11-04,269.2781982421875,511.0931701660156,306.2937927246094,111.64334106445312,183.64305114746094,145.04029846191406,101.6589126586914,198.43690490722656
2025-11-05,269.3778991699219,503.96826171875,308.7005615234375,111.19341278076172,182.7978515625,143.6802520751953,100.86370086669922,194.9613494873047
2025-11-06,269.0089416503906,493.9715576171875,310.4239501953125,111.99547576904297,183.75115966796875,144.01535034179688,101.07244110107422,187.84042358398438
2025-11-07,267.7126159667969,493.6933288574219,311.20635986328125,114.6559829711914,183.35806274414062,144.85304260253906,101.97699737548828,187.91033935546875
2025-11-10,268.9303283691406,502.8155517578125,313.8607482910156,115.63410186767578,185.1663818359375,143.3944549560547,101.80801391601562,198.7964630126953
2025-11-11,274.73956298828125,505.47869873046875,312.6028747558594,117.15998840332031,190.49305725097656,146.3904571533203,102.8219223022461,192.91395568847656
2025-11-12,272.962890625,507.9232177734375,317.34710693359375,115.53629302978516,191.0434112548828,145.86813354492188,102.8219223022461,193.5531463623047
2025-11-13,272.4438171386719,500.12261962890625,306.5216064453125,116.19163513183594,191.88861083984375,145.81886291503906,101.92729949951172,186.62196350097656
2025-11-14,271.90484619140625,506.96923828125,300.7076721191406,117.70126342773438,192.55690002441406,145.53305053710938,101.86766052246094,189.92774963378906
2025-11-17,266.9639892578125,504.296142578125,297.4986572265625,116.11270141601562,196.14405822753906,143.7098388671875,102.33484649658203,186.3623046875
2025-11-18,266.94403076171875,490.6824035644531,296.5478515625,117.44471740722656,196.5568389892578,144.86289978027344,100.78417205810547,181.1289825439453
2025-11-19,268.0619812011719,484.0543518066406,300.3709411621094,115.78709411621094,199.02362060546875,144.86289978027344,100.00882720947266,186.28240966796875
2025-11-20,265.7562561035156,476.308837890625,295.5277099609375,115.46148681640625,199.573974609375,146.0455322265625,106.4699935913086,180.40989685058594
2025-11-21,270.98651123046875,470.0268249511719,295.171142578125,115.52069091796875,200.38967895507812,148.73602294921875,104.69068908691406,178.6521453857422
2025-11-24,275.4083557128906,471.89849853515625,295.1513366699219,114.42547607421875,202.502685546875,144.85304260253906,103.43821716308594,182.31747436523438
2025-11-25,276.45635986328125,474.8752136230469,300.103515625,112.98491668701172,204.40159606933594,146.3411865234375,106.36064910888672,177.59349060058594
2025-11-26,277.0353088378906,483.3475341796875,304.6991882324219,113.241455078125,205.28182983398438,146.1046600341797,108.44810485839844,180.03038024902344
2025-11-28,278.3328857421875,489.82867431640625,310.087158203125,114.37613677978516,204.64886474609375,146.01597595214844,109.84968566894531,176.7745361328125
2025-12-01,282.57501220703125,484.5820007324219,305.9669494628906,115.0766830444336,203.08619689941406,145.306396484375,110.86357879638672,179.69082641601562
2025-12-02,285.6592712402344,487.82757568359375,304.9368896484375,113.84333038330078,203.1653289794922,143.74925231933594,111.73832702636719,181.22885131835938
2025-12-03,283.623046875,475.6119689941406,309.1462707519531,116.2311019897461,203.07630920410156,144.5869598388672,113.72637939453125,179.36123657226562
2025-12-04,280.179443359375,478.70819091796875,313.0783386230469,115.57988739013672,200.25758361816406,143.25650024414062,114.15380096435547,183.1566162109375
2025-12-05,278.26300048828125,481.01788330078125,312.0284729003906,114.9878921508789,199.713623046875,141.37413024902344,114.42218780517578,182.1877899169922
2025-12-08,277.3746643066406,488.8430480957031,312.1968078613281,114.43534088134766,199.4070281982422,136.33807373046875,112.8814468383789,185.323974609375
2025-12-09,276.6659851074219,489.8385925292969,297.6373596191406,116.67510986328125,197.7652587890625,137.60940551757812,114.37248992919922,184.7446746826172
2025-12-10,278.26300048828125,476.43829345703125,307.1455383300781,117.94792938232422,204.2730255126953,137.79666137695312,112.50372314453125,183.55612182617188
2025-12-11,277.514404296875,481.3265075683594,314.3460693359375,117.94792938232422,207.70494079589844,138.72305297851562,114.8297348022461,180.70957946777344
2025-12-12,277.763916015625,476.4084167480469,315.4751892089844,117.23751831054688,209.25770568847656,140.77294921875,116.23915100097656,174.80679321289062
2025-12-15,273.6016540527344,472.7148742675781,316.9608154296875,116.19164276123047,211.8192901611328,143.02981567382812,116.32880401611328,176.0752410888672
2025-12-16,274.1007385253906,474.2779235839844,312.5335693359375,113.15265655517578,207.00274658203125,143.10865783691406,114.9642105102539,177.50350952148438
2025-12-17,271.33587646484375,474.00909423828125,311.9690246582031,115.84630584716797,208.0214385986328,145.67103576660156,115.2032699584961,170.7317657470703
2025-12-18,271.68524169921875,481.8342590332031,310.0079345703125,114.9878921508789,206.0236053466797,143.41416931152344,114.37654113769531,173.9278564453125
2025-12-19,273.1625061035156,483.7656555175781,314.17767333984375,115.1358871459961,204.10488891601562,142.3695068359375,113.90839385986328,180.76951599121094
2025-12-22,270.4674987792969,482.7701110839844,320.0014953613281,116.57644653320312,205.0444793701172,140.6251220703125,112.15534973144531,183.4662322998047
2025-12-23,271.85491943359375,484.6915283203125,322.8143310546875,117.82952880859375,203.52137756347656,141.10801696777344,110.4620590209961,188.97950744628906
2025-12-24,273.3022155761719,485.8563232421875,326.02337646484375,117.63218688964844,205.49942016601562,142.3990936279297,111.16925811767578,188.38023376464844
2025-12-26,272.89300537109375,485.5476989746094,324.7754211425781,117.5236587524414,205.35105895996094,142.6454620361328,111.29874420166016,190.2978973388672
2025-12-29,273.2523498535156,484.9404296875,320.6551818847656,118.92474365234375,205.28182983398438,142.47792053222656,112.08561706542969,187.99070739746094
2025-12-30,272.57354736328125,485.3187255859375,320.328369140625,119.37861633300781,204.6389617919922,141.96543884277344,111.47803497314453,187.31153869628906
2025-12-31,271.3558349609375,481.4758605957031,319.1398010253906,118.73727416992188,204.67852783203125,141.2361602783203,110.97004699707031,186.27281188964844
2026-01-02,270.5074462890625,470.84320068359375,322.36865234375,121.01651763916016,205.0741424560547,139.73814392089844,112.3147201538086,188.6199493408203
2026-01-05,266.764404296875,470.7536315917969,330.8468322753906,123.69042205810547,202.0675048828125,138.3386993408203,112.26490783691406,187.89083862304688
2026-01-06,261.87347412109375,476.3885192871094,332.90625,119.43782043457031,202.542236328125,137.88536071777344,113.88846588134766,187.0119171142578
2026-01-07,259.84722900390625,481.3265075683594,325.3250732421875,116.91191101074219,205.21261596679688,136.0424041748047,112.27487182617188,188.87962341308594
2026-01-08,258.55963134765625,475.9902648925781,328.11083984375,121.27305603027344,203.49169921875,139.48190307617188,112.62348937988281,184.81459045410156
2026-01-09,258.8890075683594,477.15509033203125,327.5138854980469,122.95040893554688,202.14663696289062,139.81698608398438,114.07772827148438,184.63479614257812
2026-01-12,259.7673645019531,475.06439208984375,322.8377990722656,122.37812805175781,207.41812133789062,141.3839874267578,117.50414276123047,184.71470642089844
2026-01-13,260.5658874511719,468.5832824707031,309.3169860839844,124.85469818115234,211.3049774169922,142.15269470214844,119.88469696044922,185.58364868164062
2026-01-14,259.4779052734375,457.34332275390625,306.30242919921875,128.4659423828125,216.15121459960938,144.232177734375,119.56596374511719,182.91688537597656
2026-01-15,257.7311706542969,454.6353759765625,307.68536376953125,127.41020965576172,217.16001892089844,142.53704833984375,118.72927856445312,186.8221435546875
2026-01-16,255.05612182617188,457.8211669921875,310.8789978027344,128.1600799560547,216.260009765625,142.43849182128906,119.22730255126953,186.0031280517578
2026-01-20,246.2425079345703,452.5048828125,301.19854736328125,128.72250366210938,215.81495666503906,144.8727569580078,118.24121856689453,177.8530731201172
2026-01-21,247.1907501220703,442.1410217285156,300.50213623046875,131.83055114746094,215.6171417236328,143.9463653564453,118.8886489868164,183.09669494628906
2026-01-22,247.8894500732422,449.1398620605469,302.0840148925781,131.8601531982422,216.0918731689453,147.76034545898438,117.36469268798828,184.6148223876953
2026-01-23,247.58001708984375,463.8841857910156,296.2041015625,133.17242431640625,217.7237548828125,149.02780151367188,117.26509094238281,187.44137573242188
2026-01-26,254.93637084960938,468.19500732421875,299.5072021484375,133.0441436767578,219.05894470214844,148.3727569580078,117.17544555664062,186.2428436279297
2026-01-27,257.7910461425781,478.4493103027344,298.7809143066406,135.00765991210938,221.9765625,147.23133850097656,116.47821044921875,188.29034423828125
2026-01-28,255.96444702148438,479.49468994140625,299.2385559082031,135.74766540527344,225.22056579589844,146.2388153076172,116.10967254638672,191.2866973876953
2026-01-29,257.801025390625,431.57806396484375,304.8598327636719,138.63864135742188,224.79527282714844,148.77967834472656,116.94635772705078,192.27548217773438
2026-01-30,258.99884033203125,428.38232421875,304.33251953125,139.51678466796875,224.75572204589844,150.63571166992188,118.66951751708984,190.8971710205078
2026-02-02,269.50927734375,421.49298095703125,306.5710754394531,136.55674743652344,228.21730041503906,152.0450897216797,123.5700912475586,185.38389587402344
2026-02-03,268.98028564453125,409.3868713378906,313.24688720703125,141.81576538085938,230.54151916503906,154.1591796875,127.20567321777344,180.12030029296875
2026-02-04,275.97723388671875,412.3536682128906,315.654541015625,145.6243438720703,231.89646911621094,155.6975860595703,127.4945297241211,173.97779846191406
2026-02-05,275.3983459472656,391.9246520996094,308.5807800292969,144.13446044921875,235.18002319335938,157.42459106445312,126.438720703125,171.6706085205078
2026-02-06,277.6042175292969,399.3615417480469,320.7584533691406,147.06491088867188,237.35589599609375,157.9803924560547,130.66197204589844,185.1841278076172
2026-02-09,274.3672180175781,411.76629638671875,320.4599914550781,149.19615173339844,236.0207061767578,156.15415954589844,128.51051330566406,189.80848693847656
2026-02-10,273.4280700683594,411.437744140625,316.659423828125,149.57107543945312,235.73388671875,157.8910675048828,126.19966888427734,188.31031799316406
2026-02-11,275.24639892578125,402.57720947265625,309.2374267578125,153.4882049560547,238.21633911132812,158.80419921875,128.26148986816406,189.8184814453125
2026-02-12,261.4891052246094,400.05841064453125,301.09906005859375,148.91920471191406,241.8658447265625,160.00515747070312,133.1122589111328,186.7122802734375
2026-02-13,255.5445556640625,399.5407409667969,301.0094909667969,147.44918823242188,240.7779083251953,158.87368774414062,133.36126708984375,182.58731079101562
2026-02-17,263.6371154785156,395.1004943847656,305.5661926269531,145.20443725585938,240.6592254638672,158.35755920410156,128.34117126464844,184.7446746826172
2026-02-18,264.106689453125,397.828369140625,307.2077941894531,149.66415405273438,242.30101013183594,155.6876678466797,126.11998748779297,187.75099182128906
2026-02-19,260.3401184082031,397.5988464355469,306.48150634765625,149.95220947265625,244.19992065429688,157.3749542236328,124.37689208984375,187.6710968017578
2026-02-20,264.3364562988281,396.37152099609375,309.20758056640625,146.28707885742188,239.8284454345703,159.578369140625,122.50431823730469,189.58877563476562
2026-02-23,265.9349670410156,383.6390686035156,296.1543884277344,149.74362182617188,243.14166259765625,163.93556213378906,125.31317901611328,191.31666564941406
2026-02-24,271.8895263671875,388.1593017578125,295.7862243652344,148.25372314453125,244.87173461914062,164.04473876953125,126.24946594238281,192.61508178710938
2026-02-25,273.97760009765625,399.7342224121094,301.75567626953125,148.05508422851562,243.76808166503906,162.16885375976562,125.25341796875,195.32176208496094
2026-02-26,272.6987609863281,400.851806640625,304.5712890625,147.53857421875,242.0778045654297,162.5261688232422,123.92867279052734,184.66476440429688
2026-02-27,263.93682861328125,391.8912048339844,298.7709655761719,151.47189331054688,247.00942993164062,165.95037841796875,127.4447250366211,176.97415161132812
2026-03-02,264.476318359375,397.6886291503906,296.044921875,153.1802978515625,247.13868713378906,162.2879638671875,126.59809112548828,182.25770568847656
2026-03-03,263.5072326660156,403.0570068359375,298.7311706542969,150.80641174316406,245.3390350341797,158.5262908935547,127.40489196777344,179.83065795898438
2026-03-04,262.2783508300781,404.32427978515625,297.8656311035156,148.80996704101562,243.8973388671875,157.11691284179688,127.3052749633789,182.8170166015625
2026-03-05,260.0504150390625,409.79241943359375,292.0553283691406,149.74362182617188,238.259765625,152.83912658691406,122.82305145263672,183.1166534423828
2026-03-06,257.2229919433594,408.0761413574219,288.0060729980469,150.1905975341797,239.0253448486328,152.4818115234375,123.31112670898438,177.60337829589844
2026-03-09,259.6407775878906,408.5251770019531,288.44384765625,149.42578125,241.20281982421875,154.05992126464844,123.84898376464844,182.427490234375
2026-03-10,260.58990478515625,404.8830871582031,287.2598876953125,147.13136291503906,242.31643676757812,154.84400939941406,124.62590789794922,184.544921875
2026-03-11,260.5699157714844,404.0049743652344,286.0560302734375,150.55809020996094,241.6005401611328,152.17413330078125,123.0023422241211,185.8134307861328
2026-03-12,255.52456665039062,400.9914855957031,281.44964599609375,152.4949493408203,240.6559600830078,149.3751983642578,124.8350830078125,182.9268035888672
2026-03-13,249.8897705078125,394.69512939453125,281.996826171875,155.06747436523438,240.13894653320312,149.52407836914062,126.02037811279297,180.0401611328125
2026-03-16,252.58729553222656,399.08563232421875,284.7029724121094,156.1699981689453,241.7993927001953,150.98309326171875,125.49246978759766,183.0067138671875
2026-03-17,253.99598693847656,398.5467834472656,285.42926025390625,157.73934936523438,236.74844360351562,150.34786987304688,124.58606719970703,181.71820068359375
2026-03-18,249.70994567871094,390.9432678222656,286.27490234375,156.52757263183594,235.92318725585938,145.613525390625,121.49830627441406,180.1899871826172
2026-03-19,248.73085021972656,388.1792297363281,286.5037536621094,157.09373474121094,236.24136352539062,143.7574920654297,120.61181640625,178.3521270751953
2026-03-20,247.76173400878906,381.0447082519531,285.1009216308594,158.5935516357422,234.02410888671875,143.20169067382812,118.79328918457031,172.4989471435547
2026-03-23,251.25851440429688,382.1722717285156,288.4338684082031,160.04371643066406,234.07382202148438,142.9138641357422,120.49005889892578,175.43553161621094
2026-03-24,251.4083709716797,371.9344177246094,290.91119384765625,164.2650604248047,233.9246826171875,142.09005737304688,121.8175277709961,174.99603271484375
2026-03-25,252.38746643066406,370.2381286621094,293.91583251953125,162.1593475341797,238.5580291748047,142.84437561035156,122.82559204101562,178.47198486328125
2026-03-26,252.6572265625,365.1790771484375,290.1749572753906,164.31471252441406,237.8719940185547,141.3555908203125,121.94727325439453,171.04066467285156
2026-03-27,248.57098388671875,355.9989318847656,281.3998718261719,169.8372344970703,239.07505798339844,141.6434326171875,122.65592193603516,167.32498168945312
2026-03-30,246.40298461914062,358.1842041015625,282.32513427734375,170.31399536132812,241.10340881347656,143.63839721679688,123.26475524902344,164.97772216796875
2026-03-31,253.55638122558594,369.3699951171875,292.6622314453125,168.51620483398438,243.04225158691406,143.36048889160156,124.04327392578125,174.1969757080078
2026-04-01,255.3946990966797,368.57171630859375,293.87603759765625,159.69607543945312,242.7240753173828,143.0131072998047,124.50239562988281,175.54541015625
2026-04-02,255.68443298339844,372.6528625488281,293.1000061035156,159.60667419433594,241.65025329589844,142.05035400390625,125.55039978027344,177.18348693847656
2026-04-06,258.6217041015625,372.0741271972656,295.45001220703125,162.2686004638672,239.5920867919922,141.70297241210938,126.54849243164062,177.43319702148438
2026-04-07,253.26666259765625,371.48541259765625,297.3999938964844,162.8049774169922,237.04673767089844,140.24395751953125,122.25668334960938,177.89266967773438
2026-04-08,258.66168212890625,373.52099609375,307.9700012207031,155.16680908203125,239.9202117919922,143.81704711914062,127.0176010131836,181.8680419921875
2026-04-09,260.2502136230469,372.26373291015625,310.3299865722656,153.99476623535156,239.93014526367188,145.56390380859375,128.884033203125,183.69590759277344
2026-04-10,260.240234375,370.0684814453125,309.8699951171875,151.4818115234375,237.09645080566406,144.0751190185547,126.52852630615234,188.41041564941406
2026-04-13,258.96142578125,383.539306640625,313.67999267578125,151.61094665527344,236.59930419921875,142.5069122314453,124.33271789550781,189.08961486816406
2026-04-14,258.59173583984375,392.2604064941406,311.1199951171875,148.23387145996094,238.72706604003906,143.3009490966797,124.81181335449219,196.28123474121094
2026-04-15,266.18475341796875,410.3312683105469,305.92999267578125,148.0054168701172,237.30523681640625,142.30841064453125,124.5223617553711,198.63848876953125
2026-04-16,263.15753173828125,419.35174560546875,309.95001220703125,150.9553985595703,233.1988525390625,142.04043579101562,124.58224487304688,198.1190948486328
2026-04-17,269.98126220703125,421.87628173828125,310.2900085449219,145.45274353027344,232.84091186523438,145.83187866210938,127.25714111328125,201.44520568847656
2026-04-20,272.79864501953125,417.1664733886719,316.989990234375,146.6843719482422,229.37088012695312,143.41012573242188,127.67633819580078,201.82476806640625
2026-04-21,265.9250183105469,423.2433166503906,313.0,147.35980224609375,224.8667755126953,141.25634765625,129.3531494140625,199.64732360839844
2026-04-22,272.9185791015625,431.984375,313.0199890136719,148.4921112060547,224.80712890625,141.78237915039062,129.73240661621094,202.26426696777344
2026-04-23,273.1783142089844,414.8514709472656,311.69000244140625,149.51516723632812,229.3311004638672,144.62100219726562,131.77850341796875,199.4075927734375
2026-04-24,270.81048583984375,423.7023010253906,308.2799987792969,147.90609741210938,226.19911193847656,148.17999267578125,129.6725311279297,208.0275421142578
2026-04-27,267.3636474609375,423.9018859863281,311.6300048828125,147.19094848632812,224.0514678955078,148.39999389648438,127.34696197509766,216.3578338623047
2026-04-28,270.4608154296875,428.3222961425781,311.45001220703125,149.5449676513672,226.48745727539062,149.1699981689453,127.34696197509766,212.92184448242188
2026-04-29,269.92132568359375,423.5426330566406,309.25,153.62725830078125,226.0499725341797,146.4600067138672,127.76616668701172,209.00640869140625
2026-04-30,271.1002502441406,406.8987121582031,313.2300109863281,153.28955078125,228.5356903076172,147.08999633789062,131.67869567871094,199.33767700195312
2026-05-01,279.88214111328125,413.5443115234375,312.4700012207031,151.72019958496094,225.89088439941406,147.25999450683594,131.34933471679688,198.21897888183594
2026-05-04,276.5751647949219,412.72607421875,307.6499938964844,152.65386962890625,222.91798400878906,143.4199981689453,130.08175659179688,198.24893188476562
2026-05-05,283.9184265136719,410.4909362792969,309.3999938964844,153.83584594726562,224.26026916503906,144.89999389648438,130.54086303710938,196.271240234375
2026-05-06,287.245361328125,413.0653381347656,314.8999938964844,147.6875762939453,223.33558654785156,147.89999389648438,129.8322296142578,207.5880584716797
2026-05-07,287.1754150390625,419.8606262207031,306.2699890136719,145.591796875,221.23764038085938,146.05999755859375,129.95199584960938,211.2537841796875
2026-05-08,293.0500183105469,414.22283935546875,302.1000061035156,143.59535217285156,220.05445861816406,146.4199981689453,130.42999267578125,214.94947814941406
2026-05-11,292.67999267578125,411.7681579589844,300.0,148.6708984375,220.163818359375,143.36000061035156,127.58999633789062,219.18453979492188
2026-05-12,294.79998779296875,406.8887023925781,304.8800048828125,149.614501953125,222.97763061523438,143.91000366210938,130.35000610351562,220.52297973632812
2026-05-13,298.8699951171875,404.3342590332031,300.25,150.5481719970703,229.1024169921875,142.24000549316406,131.47000122070312,225.56710815429688
2026-05-14,298.2099914550781,408.5451354980469,299.9100036621094,151.75,229.48025512695312,142.7100067138672,132.4600067138672,235.465576171875
2026-05-15,300.2300109863281,421.0081481933594,297.80999755859375,157.9199981689453,225.41363525390625,141.57000732421875,131.4499969482422,225.05770874023438
2026-05-18,297.8399963378906,422.6246643066406,300.7300109863281,160.49000549316406,227.61099243164062,142.38999938964844,133.33999633789062,222.0612030029297
2026-05-19,298.9700012207031,416.51788330078125,295.70001220703125,162.5500030517578,228.684814453125,141.3000030517578,134.1999969482422,220.35317993164062
2026-05-20,302.25,420.1499938964844,301.9800109863281,156.27999877929688,228.0087127685547,142.44000244140625,130.85000610351562,223.20985412597656
2026-05-21,304.989990234375,419.0899963378906,303.0,155.2899932861328,230.40492248535156,143.39999389648438,121.33999633789062,219.25445556640625
2026-05-22,308.82000732421875,418.57000732421875,306.3800048828125,154.9199981689453,233.0,144.44000244140625,120.2699966430664,215.07933044433594
2026-05-26,308.3299865722656,416.0299987792969,306.739990234375,149.80999755859375,230.17999267578125,142.9600067138672,118.56999969482422,214.60987854003906
2026-05-27,310.8500061035156,412.6700134277344,299.2799987792969,147.89999389648438,231.2899932861328,147.49000549316406,118.54000091552734,212.35250854492188
2026-05-28,312.510009765625,426.989990234375,296.7300109863281,146.9600067138672,230.8000030517578,145.91000366210938,118.9000015258789,214.00057983398438
2026-05-29,312.05999755859375,450.239990234375,299.30999755859375,145.25999450683594,225.3300018310547,143.55999755859375,115.75,210.8942108154297
2026-06-01,306.30999755859375,460.5199890136719,296.5799865722656,149.3800048828125,223.50999450683594,140.27999877929688,114.5999984741211,224.09881591796875
2026-06-02,315.20001220703125,441.30999755859375,300.9599914550781,149.55999755859375,222.88999938964844,140.82000732421875,113.05999755859375,222.56060791015625
2026-06-03,310.260009765625,427.3399963378906,300.8500061035156,152.52999877929688,223.24000549316406,140.19000244140625,116.88999938964844,214.5
2026-06-04,311.2300109863281,428.04998779296875,310.8900146484375,152.0399932861328,228.1699981689453,140.77999877929688,117.73999786376953,218.66000366210938
2026-06-05,307.3399963378906,416.6700134277344,312.3699951171875,149.9199981689453,232.77000427246094,146.5399932861328,118.87999725341797,205.10000610351562
2026-06-08,301.5400085449219,411.739990234375,311.1099853515625,151.75,232.16000366210938,145.10000610351562,119.83000183105469,208.63999938964844
2026-06-09,290.54998779296875,403.4100036621094,312.70001220703125,148.91000366210938,237.0,148.6699981689453,118.87999725341797,208.19000244140625
2026-06-10,291.5799865722656,397.3599853515625,309.1400146484375,150.6199951171875,238.49000549316406,149.0500030517578,120.58999633789062,200.4199981689453
2026-06-11,295.6300048828125,390.3399963378906,313.489990234375,146.60000610351562,238.3300018310547,148.33999633789062,120.5,204.8699951171875
2026-06-12,291.1300048828125,390.739990234375,320.7200012207031,147.00999450683594,240.8699951171875,149.61000061035156,121.04000091552734,205.19000244140625
2026-06-15,296.4200134277344,399.760009765625,319.3999938964844,140.9199981689453,235.66000366210938,150.4600067138672,120.81999969482422,212.4499969482422
2026-06-16,299.239990234375,393.8299865722656,331.1400146484375,141.86000061035156,235.17999267578125,152.49000549316406,121.02999877929688,207.41000366210938
2026-06-17,295.95001220703125,378.9100036621094,333.4599914550781,140.74000549316406,234.1999969482422,150.55999755859375,118.12999725341797,204.64999389648438
2026-06-18,298.010009765625,379.3999938964844,325.2200012207031,137.80999755859375,228.38999938964844,150.3800048828125,117.18000030517578,210.69000244140625
2026-06-22,297.010009765625,367.3399963378906,331.4800109863281,138.47000122070312,231.2899932861328,147.67999267578125,117.18000030517578,208.64999389648438
2026-06-23,294.29998779296875,373.94000244140625,334.1400146484375,139.72999572753906,239.0800018310547,150.86000061035156,119.41999816894531,200.0399932861328
2026-06-24,293.0799865722656,365.4599914550781,333.45001220703125,136.89999389648438,241.0,152.0399932861328,119.0,199.0
2026-06-25,275.1499938964844,352.8299865722656,335.1199951171875,137.5500030517578,244.8800048828125,148.5,115.77999877929688,195.74000549316406
2026-06-26,283.7799987792969,372.9700012207031,329.04998779296875,136.5399932861328,254.66000366210938,149.02000427246094,115.69000244140625,192.52999877929688
2026-06-29,281.739990234375,368.57000732421875,329.3900146484375,136.05999755859375,258.510009765625,148.4499969482422,114.5999984741211,194.97000122070312
2026-06-30,289.3599853515625,373.0199890136719,327.3299865722656,136.72000122070312,253.97000122070312,146.63999938964844,113.26000213623047,200.08999633789062
